leading_item_id,following_item_id,value
AHMDUILJ,APQGTRMF,538119
AHMDUILJ,ATLDMDBO,36730763
AHMDUILJ,BJALXPFS,254006
AHMDUILJ,BSRMSVTC,301390
AHMDUILJ,BUZIIBYG,11542607
AHMDUILJ,DUCMGGNW,575141
AHMDUILJ,FDXPMYGF,1214
AHMDUILJ,HXYSSRXE,22086975
AHMDUILJ,KAGJCHMR,6815
AHMDUILJ,LRVGFDFM,312372
AHMDUILJ,OJIFIHMZ,4600855
AHMDUILJ,QRKRBYJL,2694028
AHMDUILJ,QVLMOEYE,901178
AHMDUILJ,RAWUKQMJ,3936869
AHMDUILJ,RJGPVEXX,560639
AHMDUILJ,SUOYXCHP,254
AHMDUILJ,UXSPKBJR,254084
AHMDUILJ,WPQXWHYO,25760792
AHMDUILJ,XMKRPGLB,481145
AHMDUILJ,YSYHGLQK,31517
APQGTRMF,ATLDMDBO,35969985
APQGTRMF,AXULOHBQ,40736
APQGTRMF,BEZYMBBT,3241272
APQGTRMF,BJALXPFS,254804
APQGTRMF,BSRMSVTC,297617
APQGTRMF,BTMOEMEP,1499914
APQGTRMF,DBWLZWNK,165031
APQGTRMF,DNMPSKTB,6288128
APQGTRMF,DUCMGGNW,572638
APQGTRMF,EVBVXETX,6805152
APQGTRMF,FDXPMYGF,0
APQGTRMF,FQCLOEXA,2252777
APQGTRMF,GYHKIVQT,46366065
APQGTRMF,HXYSSRXE,22087968
APQGTRMF,JPBRUTWP,4305745
APQGTRMF,KEUWZRKO,265035
APQGTRMF,LPHPPJUG,1848707
APQGTRMF,LUENUFGA,3118670
APQGTRMF,NZKBIBNU,228271
APQGTRMF,OKMBFVKS,2207342
APQGTRMF,OXKURKXR,113056
APQGTRMF,QKXNTIIB,1977027
APQGTRMF,QRKRBYJL,2704334
APQGTRMF,QVLMOEYE,838493
APQGTRMF,RAWUKQMJ,3929848
APQGTRMF,RCBZUSIM,33485
APQGTRMF,RJGPVEXX,544017
APQGTRMF,SAHWCZNH,1671026
APQGTRMF,SDWAYPIK,4466497
APQGTRMF,UGEQLMXM,153545
APQGTRMF,UIFPPCLR,135514
APQGTRMF,VMAQSTJE,25940
APQGTRMF,WBLJNPZQ,121901
APQGTRMF,WHPUAOID,22697
APQGTRMF,WPQXWHYO,25724773
APQGTRMF,WQMVCOEM,19433
APQGTRMF,XIFHSOWQ,16327
APQGTRMF,XMKRPGLB,483856
APQGTRMF,XUOIQPFL,2619424
APQGTRMF,YSYHGLQK,26849
APQGTRMF,ZGJXVMNI,2468817
APQGTRMF,ZKENOUDA,388213
ATLDMDBO,APQGTRMF,521988
ATLDMDBO,AXULOHBQ,47131
ATLDMDBO,BJALXPFS,254649
ATLDMDBO,BSRMSVTC,301147
ATLDMDBO,BTMOEMEP,1356678
ATLDMDBO,DBWLZWNK,168172
ATLDMDBO,DEWLVASR,314082
ATLDMDBO,DNMPSKTB,6287129
ATLDMDBO,ELQGMQWE,598144
ATLDMDBO,EVBVXETX,6804097
ATLDMDBO,FDXPMYGF,0
ATLDMDBO,FQCLOEXA,2239121
ATLDMDBO,GYHKIVQT,46463754
ATLDMDBO,HXYSSRXE,22087581
ATLDMDBO,IGDVVKUD,5272
ATLDMDBO,JBVHSUWY,423030
ATLDMDBO,JPBRUTWP,4305731
ATLDMDBO,KEUWZRKO,266492
ATLDMDBO,KJNSOAHR,22367384
ATLDMDBO,LPHPPJUG,1846515
ATLDMDBO,LRVGFDFM,280732
ATLDMDBO,LUENUFGA,3124990
ATLDMDBO,NZKBIBNU,227642
ATLDMDBO,OKMBFVKS,2212734
ATLDMDBO,OXKURKXR,111061
ATLDMDBO,QJQJSWFU,133414
ATLDMDBO,QRKRBYJL,2695886
ATLDMDBO,QVLMOEYE,832087
ATLDMDBO,RAWUKQMJ,3934265
ATLDMDBO,RCBZUSIM,38103
ATLDMDBO,RJGPVEXX,548562
ATLDMDBO,SAHWCZNH,1679575
ATLDMDBO,SDWAYPIK,4467972
ATLDMDBO,UGEQLMXM,150684
ATLDMDBO,UIFPPCLR,139262
ATLDMDBO,UXSPKBJR,258751
ATLDMDBO,VBYCLTYZ,826956
ATLDMDBO,VMAQSTJE,30766
ATLDMDBO,WBLJNPZQ,90265
ATLDMDBO,WPQXWHYO,25779267
ATLDMDBO,XIFHSOWQ,17584
ATLDMDBO,XUOIQPFL,2622571
ATLDMDBO,ZGJXVMNI,2460179
ATLDMDBO,ZKENOUDA,398791
AXULOHBQ,ATLDMDBO,36719809
AXULOHBQ,BJALXPFS,256355
AXULOHBQ,BSRMSVTC,300035
AXULOHBQ,DNMPSKTB,6285726
AXULOHBQ,EVBVXETX,6804423
AXULOHBQ,FDXPMYGF,692
AXULOHBQ,FQCLOEXA,2237146
AXULOHBQ,FRHNWLNI,307914
AXULOHBQ,HCDTGMST,610544
AXULOHBQ,HXYSSRXE,22087099
AXULOHBQ,KEUWZRKO,264402
AXULOHBQ,KJNSOAHR,22352194
AXULOHBQ,LUENUFGA,3128884
AXULOHBQ,NZKBIBNU,231851
AXULOHBQ,OKMBFVKS,2230607
AXULOHBQ,QJQJSWFU,138584
AXULOHBQ,RCBZUSIM,38396
AXULOHBQ,RJGPVEXX,545257
AXULOHBQ,SAHWCZNH,1645636
AXULOHBQ,UXSPKBJR,259083
AXULOHBQ,VMAQSTJE,29722
AXULOHBQ,VUAFAIYJ,300883
AXULOHBQ,VWMBASNE,153097
AXULOHBQ,WBLJNPZQ,90765
AXULOHBQ,WPQXWHYO,25986366
AXULOHBQ,XIFHSOWQ,21736
AXULOHBQ,XIPPENFQ,95259
AXULOHBQ,XUOIQPFL,2583089
AXULOHBQ,ZGJXVMNI,2463429
AXULOHBQ,ZKENOUDA,376812
AXULOHBQ,ZXERAXWP,155
BEZYMBBT,AHMDUILJ,297347
BEZYMBBT,ATLDMDBO,36734107
BEZYMBBT,AXULOHBQ,40760
BEZYMBBT,DBWLZWNK,168435
BEZYMBBT,DNMPSKTB,6266117
BEZYMBBT,ELQGMQWE,632199
BEZYMBBT,FQCLOEXA,2255622
BEZYMBBT,GYHKIVQT,46442674
BEZYMBBT,HXYSSRXE,22087626
BEZYMBBT,JPBRUTWP,4305211
BEZYMBBT,KEUWZRKO,265938
BEZYMBBT,KJNSOAHR,22354802
BEZYMBBT,LPHPPJUG,1846663
BEZYMBBT,OKMBFVKS,2214876
BEZYMBBT,QRKRBYJL,2684264
BEZYMBBT,QVLMOEYE,900023
BEZYMBBT,RAWUKQMJ,3936187
BEZYMBBT,RCBZUSIM,38355
BEZYMBBT,RJGPVEXX,564825
BEZYMBBT,SDWAYPIK,4467970
BEZYMBBT,UIFPPCLR,139076
BEZYMBBT,WBLJNPZQ,91310
BEZYMBBT,XMKRPGLB,471644
BEZYMBBT,YSYHGLQK,21160
BEZYMBBT,ZGJXVMNI,2452663
BEZYMBBT,ZKENOUDA,400914
BEZYMBBT,ZXERAXWP,4000
BJALXPFS,APQGTRMF,529681
BJALXPFS,ATLDMDBO,36723281
BJALXPFS,AXULOHBQ,44619
BJALXPFS,BEZYMBBT,3207966
BJALXPFS,DNMPSKTB,6286494
BJALXPFS,EVBVXETX,6804598
BJALXPFS,FDXPMYGF,1265
BJALXPFS,FITUEHWN,87273
BJALXPFS,GYHKIVQT,46551055
BJALXPFS,HCDTGMST,611963
BJALXPFS,KEUWZRKO,266392
BJALXPFS,LTOYKIML,431514
BJALXPFS,QRKRBYJL,2691830
BJALXPFS,QVLMOEYE,894337
BJALXPFS,RCBZUSIM,40651
BJALXPFS,RJGPVEXX,545830
BJALXPFS,SAAYMURU,9657
BJALXPFS,SDWAYPIK,4466547
BJALXPFS,SNHYOVBM,43792
BJALXPFS,UGEQLMXM,160845
BJALXPFS,UIFPPCLR,139985
BJALXPFS,VMAQSTJE,31545
BJALXPFS,VWMBASNE,152131
BJALXPFS,XIPPENFQ,94080
BJALXPFS,XUOIQPFL,2602313
BJALXPFS,ZKENOUDA,386071
BSRMSVTC,BEZYMBBT,3203304
BSRMSVTC,EVBVXETX,6805962
BSRMSVTC,FITUEHWN,90677
BSRMSVTC,HCDTGMST,609659
BSRMSVTC,JBVHSUWY,427678
BSRMSVTC,JPBRUTWP,4305433
BSRMSVTC,KEUWZRKO,264000
BSRMSVTC,LRVGFDFM,311011
BSRMSVTC,LSOIUSXD,117419
BSRMSVTC,LUENUFGA,3135577
BSRMSVTC,MBSBZBXA,4638944
BSRMSVTC,RJGPVEXX,547762
BSRMSVTC,ROACSLMG,3769646
BSRMSVTC,STZDBITS,23778403
BSRMSVTC,UIFPPCLR,140096
BSRMSVTC,UXSPKBJR,252705
BSRMSVTC,VMAQSTJE,28116
BSRMSVTC,VWMBASNE,153305
BSRMSVTC,WBLJNPZQ,91730
BSRMSVTC,WPQXWHYO,25775811
BSRMSVTC,XIFHSOWQ,20982
BSRMSVTC,XIPPENFQ,95184
BSRMSVTC,XUOIQPFL,2629482
BTMOEMEP,APQGTRMF,519977
BTMOEMEP,ATLDMDBO,36711656
BTMOEMEP,AXULOHBQ,47779
BTMOEMEP,BEZYMBBT,3210100
BTMOEMEP,BJALXPFS,254055
BTMOEMEP,BSRMSVTC,309214
BTMOEMEP,DBWLZWNK,166427
BTMOEMEP,DEWLVASR,344221
BTMOEMEP,DNMPSKTB,6287169
BTMOEMEP,ELQGMQWE,587303
BTMOEMEP,EVBVXETX,6804028
BTMOEMEP,FDXPMYGF,0
BTMOEMEP,FQCLOEXA,2237595
BTMOEMEP,FRHNWLNI,305993
BTMOEMEP,GYHKIVQT,46464411
BTMOEMEP,HXYSSRXE,22087488
BTMOEMEP,IGDVVKUD,8849
BTMOEMEP,JBVHSUWY,416644
BTMOEMEP,JPBRUTWP,4305181
BTMOEMEP,KEUWZRKO,264738
BTMOEMEP,LPHPPJUG,1846827
BTMOEMEP,LRVGFDFM,306126
BTMOEMEP,OKMBFVKS,2222913
BTMOEMEP,OXKURKXR,115426
BTMOEMEP,QRKRBYJL,2689297
BTMOEMEP,QVLMOEYE,831147
BTMOEMEP,RAWUKQMJ,3935538
BTMOEMEP,RCBZUSIM,42006
BTMOEMEP,RJGPVEXX,561090
BTMOEMEP,SAHWCZNH,1677716
BTMOEMEP,SDWAYPIK,4467095
BTMOEMEP,SUOYXCHP,1204
BTMOEMEP,UGEQLMXM,146550
BTMOEMEP,UXSPKBJR,268229
BTMOEMEP,VBYCLTYZ,829117
BTMOEMEP,VMAQSTJE,26367
BTMOEMEP,VWMBASNE,152424
BTMOEMEP,WBLJNPZQ,89578
BTMOEMEP,WQMVCOEM,14860
BTMOEMEP,XIFHSOWQ,14714
BTMOEMEP,XUOIQPFL,2623074
BTMOEMEP,YSYHGLQK,23401
BTMOEMEP,ZGJXVMNI,2483933
BTMOEMEP,ZKENOUDA,395061
BUZIIBYG,BJALXPFS,254617
BUZIIBYG,BSRMSVTC,300714
BUZIIBYG,BTMOEMEP,1362495
BUZIIBYG,FCYBOAXC,114646418
BUZIIBYG,FDXPMYGF,1901
BUZIIBYG,FITUEHWN,97795
BUZIIBYG,FQCLOEXA,2246699
BUZIIBYG,FRHNWLNI,304483
BUZIIBYG,HCDTGMST,609141
BUZIIBYG,HXYSSRXE,22087442
BUZIIBYG,LRVGFDFM,301946
BUZIIBYG,LSOIUSXD,119803
BUZIIBYG,LUENUFGA,3120822
BUZIIBYG,RCBZUSIM,42408
BUZIIBYG,RJGPVEXX,531006
BUZIIBYG,ROACSLMG,3769092
BUZIIBYG,SAHWCZNH,1674677
BUZIIBYG,STZDBITS,23781769
BUZIIBYG,SUOYXCHP,2465
BUZIIBYG,UXSPKBJR,266230
BUZIIBYG,WBLJNPZQ,90877
BUZIIBYG,WPQXWHYO,25765700
BUZIIBYG,WQMVCOEM,16385
BUZIIBYG,ZXERAXWP,4535
CCLHWFWF,AHMDUILJ,294855
CCLHWFWF,ATLDMDBO,36738555
CCLHWFWF,DBWLZWNK,162636
CCLHWFWF,DUCMGGNW,693096
CCLHWFWF,FCYBOAXC,114648836
CCLHWFWF,FQCLOEXA,2211406
CCLHWFWF,JSLXRQOK,772
CCLHWFWF,LLHREMKS,16733
CCLHWFWF,LRVGFDFM,297743
CCLHWFWF,LSOIUSXD,121201
CCLHWFWF,LTOYKIML,428851
CCLHWFWF,QRKRBYJL,2687519
CCLHWFWF,RAWUKQMJ,3935130
CCLHWFWF,VBYCLTYZ,828805
CCLHWFWF,VUAFAIYJ,289271
CCLHWFWF,VWMBASNE,152541
CCLHWFWF,WBLJNPZQ,89263
CCLHWFWF,WHPUAOID,21429
CCLHWFWF,YSYHGLQK,30550
CCLHWFWF,ZXERAXWP,3831
DBWLZWNK,APQGTRMF,299995
DBWLZWNK,ATLDMDBO,36725690
DBWLZWNK,AXULOHBQ,40947
DBWLZWNK,BJALXPFS,254888
DBWLZWNK,BSRMSVTC,301181
DBWLZWNK,BTMOEMEP,1363123
DBWLZWNK,CCLHWFWF,37830259
DBWLZWNK,DNMPSKTB,6287128
DBWLZWNK,ELQGMQWE,578578
DBWLZWNK,FDXPMYGF,759
DBWLZWNK,FQCLOEXA,2255141
DBWLZWNK,FRHNWLNI,307487
DBWLZWNK,GYHKIVQT,46544976
DBWLZWNK,HXYSSRXE,22087081
DBWLZWNK,IGDVVKUD,16951
DBWLZWNK,JBVHSUWY,418662
DBWLZWNK,JPBRUTWP,4304237
DBWLZWNK,KEUWZRKO,265616
DBWLZWNK,LLHREMKS,20952
DBWLZWNK,LRVGFDFM,305513
DBWLZWNK,LSOIUSXD,119013
DBWLZWNK,QRKRBYJL,2685943
DBWLZWNK,QVLMOEYE,840974
DBWLZWNK,RAWUKQMJ,3934633
DBWLZWNK,RCBZUSIM,41024
DBWLZWNK,SAHWCZNH,1677478
DBWLZWNK,SUOYXCHP,0
DBWLZWNK,UXSPKBJR,256548
DBWLZWNK,VBYCLTYZ,829106
DBWLZWNK,VMAQSTJE,37016
DBWLZWNK,VUAFAIYJ,283760
DBWLZWNK,WBLJNPZQ,89372
DBWLZWNK,WHPUAOID,20223
DBWLZWNK,WQMVCOEM,21258
DBWLZWNK,XUOIQPFL,2624620
DBWLZWNK,ZCELVYQU,115190
DBWLZWNK,ZGJXVMNI,2460143
DBWLZWNK,ZKENOUDA,380426
DDEXPPXU,BEZYMBBT,3216810
DDEXPPXU,GKQIJYDH,2947463
DDEXPPXU,JERHKLYW,10915
DDEXPPXU,NZKBIBNU,228796
DDEXPPXU,VBYCLTYZ,832778
DDEXPPXU,ZXERAXWP,2386
DEWLVASR,APQGTRMF,363511
DEWLVASR,BEZYMBBT,3202232
DEWLVASR,CCLHWFWF,38433306
DEWLVASR,DNMPSKTB,6285357
DEWLVASR,ELQGMQWE,575194
DEWLVASR,EVBVXETX,6804188
DEWLVASR,FITUEHWN,93820
DEWLVASR,FQCLOEXA,2257170
DEWLVASR,GYHKIVQT,46731366
DEWLVASR,IGDVVKUD,14929
DEWLVASR,JPBRUTWP,4304441
DEWLVASR,KJNSOAHR,22329855
DEWLVASR,LPHPPJUG,1846252
DEWLVASR,LRVGFDFM,316472
DEWLVASR,LSOIUSXD,117835
DEWLVASR,LTOYKIML,433023
DEWLVASR,OJIFIHMZ,4600046
DEWLVASR,OKMBFVKS,2226188
DEWLVASR,RAWUKQMJ,3926631
DEWLVASR,SDWAYPIK,4468328
DEWLVASR,UIFPPCLR,143795
DEWLVASR,VMAQSTJE,33680
DEWLVASR,VUAFAIYJ,283137
DEWLVASR,WPQXWHYO,25779820
DEWLVASR,XUOIQPFL,2621242
DEWLVASR,ZCELVYQU,116601
DEWLVASR,ZGJXVMNI,2463191
DEWLVASR,ZKENOUDA,384493
DEWLVASR,ZXERAXWP,1375
DNMPSKTB,APQGTRMF,75222
DNMPSKTB,ATLDMDBO,36729268
DNMPSKTB,AXULOHBQ,48165
DNMPSKTB,BEZYMBBT,3255605
DNMPSKTB,BJALXPFS,255526
DNMPSKTB,BSRMSVTC,301025
DNMPSKTB,DBWLZWNK,165638
DNMPSKTB,DEWLVASR,341289
DNMPSKTB,DUCMGGNW,575218
DNMPSKTB,ELQGMQWE,619318
DNMPSKTB,EVBVXETX,6804386
DNMPSKTB,FCYBOAXC,114643099
DNMPSKTB,FDXPMYGF,0
DNMPSKTB,FITUEHWN,88950
DNMPSKTB,FQCLOEXA,2257072
DNMPSKTB,FRHNWLNI,300103
DNMPSKTB,GYHKIVQT,46462488
DNMPSKTB,HXYSSRXE,22087740
DNMPSKTB,IGDVVKUD,11721
DNMPSKTB,JPBRUTWP,4305209
DNMPSKTB,KJNSOAHR,22340062
DNMPSKTB,LPHPPJUG,1847172
DNMPSKTB,LRVGFDFM,308209
DNMPSKTB,NZKBIBNU,228616
DNMPSKTB,OKMBFVKS,2214278
DNMPSKTB,OXKURKXR,114004
DNMPSKTB,QJQJSWFU,140630
DNMPSKTB,QRKRBYJL,2692336
DNMPSKTB,QVLMOEYE,833997
DNMPSKTB,RAWUKQMJ,3934280
DNMPSKTB,RCBZUSIM,41569
DNMPSKTB,RJGPVEXX,561356
DNMPSKTB,SDWAYPIK,4467646
DNMPSKTB,UGEQLMXM,159723
DNMPSKTB,UIFPPCLR,139182
DNMPSKTB,VBYCLTYZ,828217
DNMPSKTB,VMAQSTJE,28401
DNMPSKTB,VWMBASNE,152440
DNMPSKTB,WBLJNPZQ,90024
DNMPSKTB,WPQXWHYO,25766571
DNMPSKTB,XIFHSOWQ,15943
DNMPSKTB,XUOIQPFL,2628658
DNMPSKTB,ZGJXVMNI,2452885
DNMPSKTB,ZKENOUDA,398401
DUCMGGNW,FITUEHWN,91620
DUCMGGNW,HCDTGMST,608750
DUCMGGNW,JBVHSUWY,418437
DUCMGGNW,KEUWZRKO,265645
DUCMGGNW,RJGPVEXX,548296
DUCMGGNW,STZDBITS,23784079
DUCMGGNW,UXSPKBJR,253686
DUCMGGNW,VMAQSTJE,20650
DUCMGGNW,XIFHSOWQ,19613
DUCMGGNW,ZXERAXWP,3948
ELQGMQWE,APQGTRMF,536194
ELQGMQWE,BEZYMBBT,3218108
ELQGMQWE,BUZIIBYG,11487451
ELQGMQWE,DEWLVASR,343353
ELQGMQWE,FITUEHWN,89360
ELQGMQWE,FQCLOEXA,2232642
ELQGMQWE,FTSVTTSR,136076
ELQGMQWE,GKQIJYDH,2953096
ELQGMQWE,GYHKIVQT,46489583
ELQGMQWE,HXYSSRXE,22088860
ELQGMQWE,JSLXRQOK,2390
ELQGMQWE,KEUWZRKO,265308
ELQGMQWE,KJNSOAHR,22346909
ELQGMQWE,LLHREMKS,22902
ELQGMQWE,LRVGFDFM,314303
ELQGMQWE,OKMBFVKS,2224418
ELQGMQWE,QRKRBYJL,2684124
ELQGMQWE,SDWAYPIK,4468784
ELQGMQWE,UIFPPCLR,143025
ELQGMQWE,VBYCLTYZ,831871
ELQGMQWE,WBLJNPZQ,127641
ELQGMQWE,WPQXWHYO,25784257
ELQGMQWE,XUOIQPFL,2620362
ELQGMQWE,YSYHGLQK,22714
ELQGMQWE,ZCELVYQU,114185
ELQGMQWE,ZKENOUDA,396022
ELQGMQWE,ZXERAXWP,1818
EVBVXETX,ATLDMDBO,36728293
EVBVXETX,AXULOHBQ,48448
EVBVXETX,BJALXPFS,254625
EVBVXETX,BSRMSVTC,301127
EVBVXETX,DNMPSKTB,6286558
EVBVXETX,FDXPMYGF,0
EVBVXETX,FQCLOEXA,2254997
EVBVXETX,FRHNWLNI,310582
EVBVXETX,GYHKIVQT,46586459
EVBVXETX,HXYSSRXE,22087263
EVBVXETX,IGDVVKUD,12967
EVBVXETX,KEUWZRKO,265817
EVBVXETX,KJNSOAHR,22405354
EVBVXETX,LUENUFGA,3137332
EVBVXETX,NZKBIBNU,227756
EVBVXETX,QRKRBYJL,2689295
EVBVXETX,RCBZUSIM,43552
EVBVXETX,RJGPVEXX,560543
EVBVXETX,SAHWCZNH,1667892
EVBVXETX,SDWAYPIK,4463473
EVBVXETX,SUOYXCHP,993
EVBVXETX,UGEQLMXM,151440
EVBVXETX,UXSPKBJR,277777
EVBVXETX,WPQXWHYO,25795027
EVBVXETX,XIFHSOWQ,16071
EVBVXETX,XIPPENFQ,94192
EVBVXETX,ZCELVYQU,121993
EVBVXETX,ZGJXVMNI,2461720
FCYBOAXC,CCLHWFWF,38360101
FCYBOAXC,DBWLZWNK,165387
FCYBOAXC,DNMPSKTB,6285979
FCYBOAXC,FRHNWLNI,304499
FCYBOAXC,JPBRUTWP,4303259
FCYBOAXC,JSLXRQOK,1715
FCYBOAXC,LPHPPJUG,1861444
FCYBOAXC,LRVGFDFM,303619
FCYBOAXC,LSOIUSXD,104390
FCYBOAXC,QKXNTIIB,1995122
FCYBOAXC,QRKRBYJL,2684596
FCYBOAXC,UGEQLMXM,150269
FCYBOAXC,VUAFAIYJ,296548
FCYBOAXC,WBLJNPZQ,90449
FDXPMYGF,BSRMSVTC,320886
FDXPMYGF,DUCMGGNW,589458
FDXPMYGF,EVBVXETX,6804975
FDXPMYGF,FITUEHWN,89220
FDXPMYGF,FRHNWLNI,317805
FDXPMYGF,HCDTGMST,610849
FDXPMYGF,HXYSSRXE,22086795
FDXPMYGF,JERHKLYW,10990
FDXPMYGF,JPBRUTWP,4304910
FDXPMYGF,KEUWZRKO,264334
FDXPMYGF,LUENUFGA,3128687
FDXPMYGF,SAHWCZNH,1642707
FDXPMYGF,STZDBITS,23733137
FDXPMYGF,SUOYXCHP,0
FDXPMYGF,VMAQSTJE,29483
FDXPMYGF,VWMBASNE,136985
FDXPMYGF,WBLJNPZQ,97486
FDXPMYGF,WPQXWHYO,26048240
FDXPMYGF,WQMVCOEM,14990
FDXPMYGF,XIFHSOWQ,25413
FDXPMYGF,XIPPENFQ,102801
FITUEHWN,IGDVVKUD,13693
FITUEHWN,JPBRUTWP,4305335
FITUEHWN,KJNSOAHR,22308866
FITUEHWN,RAWUKQMJ,3934933
FITUEHWN,RCBZUSIM,38236
FITUEHWN,SAAYMURU,19428
FITUEHWN,SDWAYPIK,4467120
FITUEHWN,SNHYOVBM,51734
FITUEHWN,STZDBITS,23770769
FITUEHWN,WBLJNPZQ,90656
FQCLOEXA,AHMDUILJ,297641
FQCLOEXA,AXULOHBQ,35230
FQCLOEXA,BSRMSVTC,300114
FQCLOEXA,DEWLVASR,340583
FQCLOEXA,DNMPSKTB,6286914
FQCLOEXA,EVBVXETX,6799005
FQCLOEXA,FDXPMYGF,1004
FQCLOEXA,FITUEHWN,89537
FQCLOEXA,FRHNWLNI,308206
FQCLOEXA,HXYSSRXE,22087344
FQCLOEXA,IGDVVKUD,15132
FQCLOEXA,KEUWZRKO,265574
FQCLOEXA,KJNSOAHR,22263743
FQCLOEXA,LUENUFGA,2988200
FQCLOEXA,NZKBIBNU,229455
FQCLOEXA,QJQJSWFU,135701
FQCLOEXA,SAHWCZNH,1677848
FQCLOEXA,SNHYOVBM,48295
FQCLOEXA,UIFPPCLR,142102
FQCLOEXA,UXSPKBJR,255932
FQCLOEXA,WPQXWHYO,25776033
FQCLOEXA,WQMVCOEM,18385
FQCLOEXA,XIFHSOWQ,21201
FQCLOEXA,XIPPENFQ,91255
FQCLOEXA,ZCELVYQU,115821
FQCLOEXA,ZKENOUDA,399463
FQCLOEXA,ZXERAXWP,619
FRHNWLNI,ATLDMDBO,36717782
FRHNWLNI,AXULOHBQ,40585
FRHNWLNI,BJALXPFS,254319
FRHNWLNI,BSRMSVTC,300155
FRHNWLNI,DNMPSKTB,6286422
FRHNWLNI,DUCMGGNW,583791
FRHNWLNI,EVBVXETX,6803804
FRHNWLNI,FDXPMYGF,984
FRHNWLNI,GYHKIVQT,46438689
FRHNWLNI,HXYSSRXE,22087569
FRHNWLNI,IGDVVKUD,14878
FRHNWLNI,JPBRUTWP,4305228
FRHNWLNI,LPHPPJUG,1845509
FRHNWLNI,LSOIUSXD,117715
FRHNWLNI,LUENUFGA,3122368
FRHNWLNI,QRKRBYJL,2693499
FRHNWLNI,QVLMOEYE,899528
FRHNWLNI,RAWUKQMJ,3936428
FRHNWLNI,RCBZUSIM,41563
FRHNWLNI,SAHWCZNH,1679261
FRHNWLNI,SDWAYPIK,4466934
FRHNWLNI,SUOYXCHP,3318
FRHNWLNI,UGEQLMXM,152320
FRHNWLNI,VBYCLTYZ,826921
FRHNWLNI,VMAQSTJE,26668
FRHNWLNI,WPQXWHYO,25777877
FRHNWLNI,ZGJXVMNI,2460780
FRHNWLNI,ZKENOUDA,421717
FTSVTTSR,BEZYMBBT,3220938
FTSVTTSR,DEWLVASR,342141
FTSVTTSR,ELQGMQWE,583637
FTSVTTSR,GKQIJYDH,2966694
FTSVTTSR,KAGJCHMR,10593
FTSVTTSR,LLHREMKS,28036
FTSVTTSR,LSOIUSXD,117724
FTSVTTSR,MBSBZBXA,4625101
FTSVTTSR,RCBZUSIM,41634
FTSVTTSR,SAAYMURU,19949
FTSVTTSR,SNHYOVBM,46607
FTSVTTSR,STZDBITS,23909727
FTSVTTSR,UGEQLMXM,154544
FTSVTTSR,VBYCLTYZ,828801
FTSVTTSR,YSYHGLQK,43804
FTSVTTSR,ZCELVYQU,115182
FTSVTTSR,ZXERAXWP,2982
GKQIJYDH,APQGTRMF,544472
GKQIJYDH,BSRMSVTC,300658
GKQIJYDH,JPBRUTWP,4305076
GKQIJYDH,JSLXRQOK,0
GKQIJYDH,KEUWZRKO,265464
GKQIJYDH,QJQJSWFU,137602
GKQIJYDH,UQYUIVVR,2886149
GKQIJYDH,VMAQSTJE,27088
GKQIJYDH,WHPUAOID,32636
GKQIJYDH,XMKRPGLB,464209
GKQIJYDH,YSYHGLQK,24828
GKQIJYDH,ZXERAXWP,375
GYHKIVQT,APQGTRMF,92433
GYHKIVQT,ATLDMDBO,36721719
GYHKIVQT,AXULOHBQ,44041
GYHKIVQT,BEZYMBBT,3254806
GYHKIVQT,BSRMSVTC,300513
GYHKIVQT,DEWLVASR,342036
GYHKIVQT,DNMPSKTB,6286685
GYHKIVQT,ELQGMQWE,621429
GYHKIVQT,EVBVXETX,6804548
GYHKIVQT,FDXPMYGF,0
GYHKIVQT,FQCLOEXA,2242489
GYHKIVQT,HXYSSRXE,22097305
GYHKIVQT,JBVHSUWY,422334
GYHKIVQT,JPBRUTWP,4305566
GYHKIVQT,KEUWZRKO,265554
GYHKIVQT,KJNSOAHR,22408685
GYHKIVQT,LPHPPJUG,1843628
GYHKIVQT,LUENUFGA,3119471
GYHKIVQT,NZKBIBNU,232435
GYHKIVQT,OKMBFVKS,2216596
GYHKIVQT,QRKRBYJL,2695366
GYHKIVQT,QVLMOEYE,834018
GYHKIVQT,RCBZUSIM,28317
GYHKIVQT,RJGPVEXX,562236
GYHKIVQT,SAHWCZNH,1677957
GYHKIVQT,SDWAYPIK,4466646
GYHKIVQT,UIFPPCLR,139386
GYHKIVQT,VMAQSTJE,28516
GYHKIVQT,VUAFAIYJ,281799
GYHKIVQT,VWMBASNE,146201
GYHKIVQT,WBLJNPZQ,91463
GYHKIVQT,WPQXWHYO,25776939
GYHKIVQT,XIFHSOWQ,16330
GYHKIVQT,XUOIQPFL,2598010
GYHKIVQT,ZGJXVMNI,2466157
GYHKIVQT,ZKENOUDA,404344
GYHKIVQT,ZXERAXWP,0
HCDTGMST,AHMDUILJ,296421
HCDTGMST,ATLDMDBO,36733860
HCDTGMST,BEZYMBBT,3212945
HCDTGMST,BTMOEMEP,1354571
HCDTGMST,DNMPSKTB,6285872
HCDTGMST,FRHNWLNI,317010
HCDTGMST,HXYSSRXE,22086718
HCDTGMST,JERHKLYW,39809
HCDTGMST,KEUWZRKO,266490
HCDTGMST,LPHPPJUG,1843766
HCDTGMST,LUENUFGA,3119030
HCDTGMST,MBSBZBXA,4623465
HCDTGMST,RAWUKQMJ,3936054
HCDTGMST,RCBZUSIM,39616
HCDTGMST,STZDBITS,23925570
HCDTGMST,UXSPKBJR,255346
HCDTGMST,XIFHSOWQ,22346
HCDTGMST,XIPPENFQ,94282
HCDTGMST,ZGJXVMNI,2454874
HXYSSRXE,ATLDMDBO,36720081
HXYSSRXE,AXULOHBQ,47702
HXYSSRXE,BEZYMBBT,3209133
HXYSSRXE,BSRMSVTC,300160
HXYSSRXE,DEWLVASR,343039
HXYSSRXE,DNMPSKTB,6286378
HXYSSRXE,EVBVXETX,6803427
HXYSSRXE,FDXPMYGF,0
HXYSSRXE,FQCLOEXA,2235642
HXYSSRXE,GYHKIVQT,46443530
HXYSSRXE,JBVHSUWY,415343
HXYSSRXE,JPBRUTWP,4305487
HXYSSRXE,KEUWZRKO,266975
HXYSSRXE,LPHPPJUG,1843521
HXYSSRXE,LUENUFGA,3130010
HXYSSRXE,NZKBIBNU,226659
HXYSSRXE,OKMBFVKS,2218107
HXYSSRXE,QVLMOEYE,898856
HXYSSRXE,RAWUKQMJ,3934324
HXYSSRXE,RJGPVEXX,560920
HXYSSRXE,SAHWCZNH,1678365
HXYSSRXE,SDWAYPIK,4467196
HXYSSRXE,SUOYXCHP,717
HXYSSRXE,UGEQLMXM,152591
HXYSSRXE,UIFPPCLR,137062
HXYSSRXE,VMAQSTJE,28484
HXYSSRXE,VWMBASNE,153225
HXYSSRXE,WBLJNPZQ,90272
HXYSSRXE,WPQXWHYO,25776958
HXYSSRXE,XIFHSOWQ,17121
HXYSSRXE,ZGJXVMNI,2460369
HXYSSRXE,ZKENOUDA,397109
IGDVVKUD,ATLDMDBO,36776190
IGDVVKUD,AXULOHBQ,42865
IGDVVKUD,BSRMSVTC,301289
IGDVVKUD,BTMOEMEP,1498397
IGDVVKUD,DNMPSKTB,6301185
IGDVVKUD,EVBVXETX,6803301
IGDVVKUD,FDXPMYGF,1585
IGDVVKUD,FITUEHWN,83698
IGDVVKUD,FQCLOEXA,2255123
IGDVVKUD,GYHKIVQT,46548598
IGDVVKUD,HCDTGMST,604006
IGDVVKUD,HXYSSRXE,22088373
IGDVVKUD,JBVHSUWY,418606
IGDVVKUD,JPBRUTWP,4300655
IGDVVKUD,KEUWZRKO,264433
IGDVVKUD,LRVGFDFM,276635
IGDVVKUD,QRKRBYJL,2697361
IGDVVKUD,QVLMOEYE,838748
IGDVVKUD,RAWUKQMJ,3935821
IGDVVKUD,RJGPVEXX,476820
IGDVVKUD,ROACSLMG,3767886
IGDVVKUD,SDWAYPIK,4470059
IGDVVKUD,SNHYOVBM,48479
IGDVVKUD,SUOYXCHP,466
IGDVVKUD,UGEQLMXM,159233
IGDVVKUD,UQYUIVVR,2896791
IGDVVKUD,UXSPKBJR,247616
IGDVVKUD,VBYCLTYZ,829382
IGDVVKUD,VMAQSTJE,11402
IGDVVKUD,WBLJNPZQ,94899
IGDVVKUD,WHPUAOID,17517
IGDVVKUD,WQMVCOEM,13299
JBVHSUWY,APQGTRMF,226144
JBVHSUWY,BEZYMBBT,3204956
JBVHSUWY,BTMOEMEP,1402641
JBVHSUWY,DBWLZWNK,167060
JBVHSUWY,DUCMGGNW,576207
JBVHSUWY,ELQGMQWE,626288
JBVHSUWY,FTSVTTSR,135826
JBVHSUWY,KEUWZRKO,265992
JBVHSUWY,KJNSOAHR,22424929
JBVHSUWY,LLHREMKS,24196
JBVHSUWY,LTOYKIML,428359
JBVHSUWY,QJQJSWFU,138265
JBVHSUWY,SAAYMURU,18976
JBVHSUWY,STZDBITS,23789381
JBVHSUWY,SUOYXCHP,1100
JBVHSUWY,UXSPKBJR,255799
JBVHSUWY,VMAQSTJE,14840
JBVHSUWY,XMKRPGLB,476226
JBVHSUWY,ZKENOUDA,384627
JERHKLYW,BEZYMBBT,3232011
JERHKLYW,BUZIIBYG,11549506
JERHKLYW,DBWLZWNK,163503
JERHKLYW,DEWLVASR,343404
JERHKLYW,JPBRUTWP,4305458
JERHKLYW,LPHPPJUG,1845107
JERHKLYW,LTOYKIML,436008
JERHKLYW,NZKBIBNU,232149
JERHKLYW,OKMBFVKS,2216554
JERHKLYW,QKXNTIIB,2174586
JERHKLYW,QVLMOEYE,860737
JERHKLYW,SAAYMURU,9995
JERHKLYW,UIFPPCLR,140994
JERHKLYW,VUAFAIYJ,279883
JERHKLYW,WPQXWHYO,25703025
JERHKLYW,XIPPENFQ,94253
JERHKLYW,ZGJXVMNI,2462117
JERHKLYW,ZKENOUDA,380316
JPBRUTWP,APQGTRMF,167632
JPBRUTWP,ATLDMDBO,36728348
JPBRUTWP,AXULOHBQ,50064
JPBRUTWP,BEZYMBBT,3242732
JPBRUTWP,BSRMSVTC,301327
JPBRUTWP,BTMOEMEP,1358646
JPBRUTWP,CCLHWFWF,38416594
JPBRUTWP,DEWLVASR,340517
JPBRUTWP,DNMPSKTB,6286168
JPBRUTWP,ELQGMQWE,589191
JPBRUTWP,EVBVXETX,6803350
JPBRUTWP,FDXPMYGF,0
JPBRUTWP,FQCLOEXA,2256996
JPBRUTWP,GYHKIVQT,46461176
JPBRUTWP,HXYSSRXE,22087286
JPBRUTWP,JBVHSUWY,420670
JPBRUTWP,KJNSOAHR,22402584
JPBRUTWP,LPHPPJUG,1848586
JPBRUTWP,LUENUFGA,3124023
JPBRUTWP,NZKBIBNU,227906
JPBRUTWP,OKMBFVKS,2213442
JPBRUTWP,OXKURKXR,113601
JPBRUTWP,QRKRBYJL,2692021
JPBRUTWP,QVLMOEYE,833461
JPBRUTWP,RAWUKQMJ,3937175
JPBRUTWP,RCBZUSIM,42101
JPBRUTWP,RJGPVEXX,560025
JPBRUTWP,ROACSLMG,3770721
JPBRUTWP,SAHWCZNH,1673808
JPBRUTWP,SDWAYPIK,4467794
JPBRUTWP,UGEQLMXM,151393
JPBRUTWP,VBYCLTYZ,828554
JPBRUTWP,VMAQSTJE,28870
JPBRUTWP,VUAFAIYJ,287463
JPBRUTWP,VWMBASNE,156009
JPBRUTWP,WBLJNPZQ,89082
JPBRUTWP,WPQXWHYO,25779200
JPBRUTWP,XIFHSOWQ,16127
JPBRUTWP,XUOIQPFL,2625835
JPBRUTWP,ZGJXVMNI,2462390
JPBRUTWP,ZKENOUDA,402246
JSLXRQOK,AXULOHBQ,44274
JSLXRQOK,BUZIIBYG,11692521
JSLXRQOK,ELQGMQWE,582394
JSLXRQOK,FTSVTTSR,134173
JSLXRQOK,GKQIJYDH,2952762
JSLXRQOK,GYHKIVQT,46616860
JSLXRQOK,JBVHSUWY,406819
JSLXRQOK,JPBRUTWP,4305209
JSLXRQOK,KAGJCHMR,3722
JSLXRQOK,KJNSOAHR,22350181
JSLXRQOK,LLHREMKS,23940
JSLXRQOK,LSOIUSXD,118253
JSLXRQOK,LUENUFGA,3130451
JSLXRQOK,RJGPVEXX,517697
JSLXRQOK,SAAYMURU,21098
JSLXRQOK,STZDBITS,23756452
JSLXRQOK,UGEQLMXM,162011
JSLXRQOK,VBYCLTYZ,825908
JSLXRQOK,VWMBASNE,143492
JSLXRQOK,WPQXWHYO,25831045
JSLXRQOK,WQMVCOEM,19657
JSLXRQOK,XIFHSOWQ,22069
JSLXRQOK,YSYHGLQK,22191
JSLXRQOK,ZCELVYQU,119288
JSLXRQOK,ZXERAXWP,2160
KAGJCHMR,AHMDUILJ,294108
KAGJCHMR,BEZYMBBT,3215852
KAGJCHMR,BUZIIBYG,11763336
KAGJCHMR,DDEXPPXU,14680
KAGJCHMR,DEWLVASR,345243
KAGJCHMR,DUCMGGNW,573347
KAGJCHMR,FQCLOEXA,2219271
KAGJCHMR,FTSVTTSR,136313
KAGJCHMR,GKQIJYDH,2951479
KAGJCHMR,JERHKLYW,10236
KAGJCHMR,JSLXRQOK,2843
KAGJCHMR,LLHREMKS,24259
KAGJCHMR,LPHPPJUG,1833409
KAGJCHMR,LTOYKIML,433951
KAGJCHMR,NZKBIBNU,228753
KAGJCHMR,QRKRBYJL,2685935
KAGJCHMR,RJGPVEXX,540837
KAGJCHMR,VBYCLTYZ,833035
KAGJCHMR,WPQXWHYO,25762989
KAGJCHMR,YSYHGLQK,26437
KAGJCHMR,ZCELVYQU,115214
KAGJCHMR,ZKENOUDA,381202
KAGJCHMR,ZXERAXWP,3526
KEUWZRKO,APQGTRMF,528606
KEUWZRKO,DBWLZWNK,168082
KEUWZRKO,EVBVXETX,6804542
KEUWZRKO,FRHNWLNI,294659
KEUWZRKO,KAGJCHMR,2834
KEUWZRKO,LUENUFGA,3125522
KEUWZRKO,NZKBIBNU,232375
KEUWZRKO,OKMBFVKS,2213569
KEUWZRKO,RJGPVEXX,544018
KEUWZRKO,ROACSLMG,3767502
KEUWZRKO,SAHWCZNH,1667123
KEUWZRKO,UIFPPCLR,139561
KEUWZRKO,UQYUIVVR,2986848
KEUWZRKO,UXSPKBJR,255196
KEUWZRKO,VWMBASNE,153192
KEUWZRKO,WPQXWHYO,25788564
KEUWZRKO,XIFHSOWQ,24670
KEUWZRKO,XIPPENFQ,95116
KEUWZRKO,ZGJXVMNI,2460227
KJNSOAHR,ATLDMDBO,36729250
KJNSOAHR,AXULOHBQ,47166
KJNSOAHR,BJALXPFS,254990
KJNSOAHR,BSRMSVTC,301028
KJNSOAHR,BTMOEMEP,1354430
KJNSOAHR,DNMPSKTB,6286658
KJNSOAHR,EVBVXETX,6799244
KJNSOAHR,FCYBOAXC,114635144
KJNSOAHR,FDXPMYGF,0
KJNSOAHR,GKQIJYDH,2954952
KJNSOAHR,GYHKIVQT,46588360
KJNSOAHR,HXYSSRXE,22087200
KJNSOAHR,IGDVVKUD,5029
KJNSOAHR,JPBRUTWP,4305309
KJNSOAHR,LPHPPJUG,1845513
KJNSOAHR,LRVGFDFM,295453
KJNSOAHR,OXKURKXR,115550
KJNSOAHR,QJQJSWFU,142941
KJNSOAHR,QRKRBYJL,2681243
KJNSOAHR,QVLMOEYE,836482
KJNSOAHR,RCBZUSIM,38200
KJNSOAHR,UGEQLMXM,152001
KJNSOAHR,VBYCLTYZ,829075
KJNSOAHR,VMAQSTJE,38544
KJNSOAHR,XMKRPGLB,461436
KJNSOAHR,XUOIQPFL,2602311
KJNSOAHR,ZCELVYQU,115201
LLHREMKS,BSRMSVTC,302226
LLHREMKS,CCLHWFWF,37873977
LLHREMKS,ELQGMQWE,581250
LLHREMKS,FQCLOEXA,2254154
LLHREMKS,GKQIJYDH,2951075
LLHREMKS,HXYSSRXE,22086783
LLHREMKS,KAGJCHMR,26842
LLHREMKS,KEUWZRKO,266089
LLHREMKS,KJNSOAHR,22332263
LLHREMKS,LSOIUSXD,118403
LLHREMKS,MBSBZBXA,4621222
LLHREMKS,QKXNTIIB,1967044
LLHREMKS,ROACSLMG,3767203
LLHREMKS,STZDBITS,23967183
LLHREMKS,UGEQLMXM,158802
LLHREMKS,UIFPPCLR,140402
LLHREMKS,VBYCLTYZ,829109
LLHREMKS,WBLJNPZQ,91085
LLHREMKS,WHPUAOID,18486
LLHREMKS,YSYHGLQK,43448
LLHREMKS,ZCELVYQU,112883
LLHREMKS,ZXERAXWP,2266
LPHPPJUG,AHMDUILJ,297518
LPHPPJUG,AXULOHBQ,33346
LPHPPJUG,DDEXPPXU,12317
LPHPPJUG,DEWLVASR,343931
LPHPPJUG,EVBVXETX,6799078
LPHPPJUG,FITUEHWN,91902
LPHPPJUG,FQCLOEXA,2231424
LPHPPJUG,FTSVTTSR,142530
LPHPPJUG,HXYSSRXE,22085732
LPHPPJUG,KEUWZRKO,268533
LPHPPJUG,KJNSOAHR,22339590
LPHPPJUG,LLHREMKS,22490
LPHPPJUG,LUENUFGA,3521941
LPHPPJUG,NZKBIBNU,231730
LPHPPJUG,QJQJSWFU,136194
LPHPPJUG,RJGPVEXX,508195
LPHPPJUG,SAHWCZNH,1679434
LPHPPJUG,UIFPPCLR,139977
LPHPPJUG,VMAQSTJE,11587
LPHPPJUG,WPQXWHYO,25779203
LPHPPJUG,XIFHSOWQ,21693
LPHPPJUG,XIPPENFQ,89419
LPHPPJUG,ZCELVYQU,113479
LPHPPJUG,ZKENOUDA,387521
LRVGFDFM,APQGTRMF,520073
LRVGFDFM,ATLDMDBO,36745165
LRVGFDFM,AXULOHBQ,49527
LRVGFDFM,BEZYMBBT,3207043
LRVGFDFM,BSRMSVTC,300639
LRVGFDFM,BTMOEMEP,1362235
LRVGFDFM,CCLHWFWF,38435492
LRVGFDFM,DBWLZWNK,165193
LRVGFDFM,DNMPSKTB,6287037
LRVGFDFM,DUCMGGNW,575017
LRVGFDFM,ELQGMQWE,582919
LRVGFDFM,FCYBOAXC,114646048
LRVGFDFM,FDXPMYGF,1202
LRVGFDFM,FQCLOEXA,2252087
LRVGFDFM,GYHKIVQT,46442108
LRVGFDFM,HXYSSRXE,22086445
LRVGFDFM,IGDVVKUD,4920
LRVGFDFM,JPBRUTWP,4305526
LRVGFDFM,LPHPPJUG,1846786
LRVGFDFM,LSOIUSXD,107174
LRVGFDFM,OKMBFVKS,2215136
LRVGFDFM,OXKURKXR,110023
LRVGFDFM,QRKRBYJL,2681664
LRVGFDFM,QVLMOEYE,832029
LRVGFDFM,RAWUKQMJ,3934699
LRVGFDFM,RCBZUSIM,44106
LRVGFDFM,RJGPVEXX,561125
LRVGFDFM,ROACSLMG,3805471
LRVGFDFM,SAHWCZNH,1672917
LRVGFDFM,SDWAYPIK,4466234
LRVGFDFM,SUOYXCHP,1009
LRVGFDFM,UGEQLMXM,154807
LRVGFDFM,UXSPKBJR,258496
LRVGFDFM,VBYCLTYZ,830043
LRVGFDFM,VUAFAIYJ,286618
LRVGFDFM,VWMBASNE,152412
LRVGFDFM,WBLJNPZQ,88596
LRVGFDFM,WQMVCOEM,16188
LRVGFDFM,XUOIQPFL,2599553
LRVGFDFM,ZGJXVMNI,2462191
LRVGFDFM,ZKENOUDA,399162
LSOIUSXD,AXULOHBQ,39782
LSOIUSXD,CCLHWFWF,38152894
LSOIUSXD,DBWLZWNK,167799
LSOIUSXD,DEWLVASR,343938
LSOIUSXD,DUCMGGNW,574032
LSOIUSXD,ELQGMQWE,585894
LSOIUSXD,FCYBOAXC,114657525
LSOIUSXD,GYHKIVQT,46791032
LSOIUSXD,KJNSOAHR,22282353
LSOIUSXD,LRVGFDFM,419957
LSOIUSXD,LTOYKIML,435707
LSOIUSXD,OKMBFVKS,2215566
LSOIUSXD,QJQJSWFU,135108
LSOIUSXD,QVLMOEYE,909147
LSOIUSXD,RAWUKQMJ,3934804
LSOIUSXD,UGEQLMXM,154501
LSOIUSXD,UIFPPCLR,141339
LSOIUSXD,VUAFAIYJ,302375
LSOIUSXD,VWMBASNE,154495
LSOIUSXD,WBLJNPZQ,89208
LSOIUSXD,XIPPENFQ,96531
LSOIUSXD,XUOIQPFL,2642926
LSOIUSXD,ZKENOUDA,392669
LTOYKIML,APQGTRMF,535194
LTOYKIML,CCLHWFWF,38431725
LTOYKIML,DEWLVASR,344248
LTOYKIML,FTSVTTSR,136854
LTOYKIML,JPBRUTWP,4305546
LTOYKIML,JSLXRQOK,1180
LTOYKIML,LLHREMKS,18657
LTOYKIML,LSOIUSXD,118389
LTOYKIML,MBSBZBXA,4641156
LTOYKIML,OKMBFVKS,2220409
LTOYKIML,OXKURKXR,104574
LTOYKIML,QVLMOEYE,893341
LTOYKIML,ROACSLMG,3766592
LTOYKIML,SAAYMURU,11109
LTOYKIML,STZDBITS,23794522
LTOYKIML,VUAFAIYJ,295396
LTOYKIML,WHPUAOID,22063
LTOYKIML,ZCELVYQU,113080
LUENUFGA,ATLDMDBO,36716347
LUENUFGA,AXULOHBQ,35362
LUENUFGA,BJALXPFS,238741
LUENUFGA,BTMOEMEP,1355049
LUENUFGA,BUZIIBYG,11506888
LUENUFGA,DDEXPPXU,13014
LUENUFGA,DNMPSKTB,6296745
LUENUFGA,EVBVXETX,6803922
LUENUFGA,FQCLOEXA,2254886
LUENUFGA,GYHKIVQT,46582773
LUENUFGA,JSLXRQOK,70
LUENUFGA,KAGJCHMR,7822
LUENUFGA,KEUWZRKO,279396
LUENUFGA,KJNSOAHR,22332617
LUENUFGA,LPHPPJUG,1844954
LUENUFGA,NZKBIBNU,234387
LUENUFGA,OXKURKXR,114151
LUENUFGA,QRKRBYJL,2671187
LUENUFGA,RAWUKQMJ,3931912
LUENUFGA,RJGPVEXX,506599
LUENUFGA,SAHWCZNH,1677976
LUENUFGA,UGEQLMXM,149082
LUENUFGA,UXSPKBJR,258404
LUENUFGA,VWMBASNE,154515
LUENUFGA,WBLJNPZQ,98354
LUENUFGA,WPQXWHYO,25777773
LUENUFGA,WQMVCOEM,16631
LUENUFGA,XIFHSOWQ,19606
LUENUFGA,XIPPENFQ,99188
LUENUFGA,ZGJXVMNI,2457998
LUENUFGA,ZKENOUDA,385895
LUENUFGA,ZXERAXWP,1379
MBSBZBXA,DEWLVASR,342473
MBSBZBXA,DNMPSKTB,6296595
MBSBZBXA,FCYBOAXC,114655990
MBSBZBXA,FTSVTTSR,142173
MBSBZBXA,HCDTGMST,610006
MBSBZBXA,IGDVVKUD,12468
MBSBZBXA,JERHKLYW,41009
MBSBZBXA,OJIFIHMZ,4543198
MBSBZBXA,QJQJSWFU,143258
MBSBZBXA,QVLMOEYE,862543
MBSBZBXA,RAWUKQMJ,3941624
MBSBZBXA,SAAYMURU,9048
MBSBZBXA,VBYCLTYZ,828373
MBSBZBXA,ZKENOUDA,382869
NZKBIBNU,AHMDUILJ,291013
NZKBIBNU,BEZYMBBT,3217005
NZKBIBNU,DEWLVASR,346117
NZKBIBNU,DUCMGGNW,596464
NZKBIBNU,ELQGMQWE,576057
NZKBIBNU,EVBVXETX,6794261
NZKBIBNU,FITUEHWN,93462
NZKBIBNU,FQCLOEXA,2252519
NZKBIBNU,FRHNWLNI,307799
NZKBIBNU,FTSVTTSR,136167
NZKBIBNU,GKQIJYDH,2952369
NZKBIBNU,JSLXRQOK,889
NZKBIBNU,KEUWZRKO,263899
NZKBIBNU,KJNSOAHR,22320587
NZKBIBNU,LLHREMKS,21769
NZKBIBNU,LSOIUSXD,114696
NZKBIBNU,LUENUFGA,3320251
NZKBIBNU,OKMBFVKS,2231199
NZKBIBNU,SAHWCZNH,1683688
NZKBIBNU,UXSPKBJR,258916
NZKBIBNU,WPQXWHYO,25782273
NZKBIBNU,WQMVCOEM,18437
NZKBIBNU,XIFHSOWQ,19109
NZKBIBNU,XIPPENFQ,94462
NZKBIBNU,ZCELVYQU,115779
NZKBIBNU,ZGJXVMNI,2461288
OJIFIHMZ,AHMDUILJ,299387
OJIFIHMZ,BTMOEMEP,1348950
OJIFIHMZ,BUZIIBYG,11503701
OJIFIHMZ,FITUEHWN,89410
OJIFIHMZ,IGDVVKUD,10384
OJIFIHMZ,JERHKLYW,14342
OJIFIHMZ,KEUWZRKO,267696
OJIFIHMZ,LTOYKIML,429756
OJIFIHMZ,QKXNTIIB,1973924
OJIFIHMZ,SNHYOVBM,43334
OJIFIHMZ,STZDBITS,23897485
OJIFIHMZ,ZXERAXWP,763
OKMBFVKS,AHMDUILJ,297120
OKMBFVKS,APQGTRMF,536008
OKMBFVKS,ATLDMDBO,36732732
OKMBFVKS,BEZYMBBT,3219596
OKMBFVKS,BJALXPFS,253949
OKMBFVKS,BSRMSVTC,301308
OKMBFVKS,BTMOEMEP,1361487
OKMBFVKS,CCLHWFWF,38435439
OKMBFVKS,DEWLVASR,344721
OKMBFVKS,ELQGMQWE,620574
OKMBFVKS,FCYBOAXC,114649294
OKMBFVKS,FDXPMYGF,768
OKMBFVKS,FQCLOEXA,2258479
OKMBFVKS,FRHNWLNI,308214
OKMBFVKS,GYHKIVQT,46442108
OKMBFVKS,HCDTGMST,610077
OKMBFVKS,HXYSSRXE,22087479
OKMBFVKS,IGDVVKUD,15804
OKMBFVKS,JPBRUTWP,4305185
OKMBFVKS,KJNSOAHR,22407740
OKMBFVKS,LRVGFDFM,305464
OKMBFVKS,LSOIUSXD,118508
OKMBFVKS,LUENUFGA,3123470
OKMBFVKS,QRKRBYJL,2684719
OKMBFVKS,QVLMOEYE,897231
OKMBFVKS,RCBZUSIM,36462
OKMBFVKS,RJGPVEXX,548852
OKMBFVKS,ROACSLMG,3771551
OKMBFVKS,SDWAYPIK,4467093
OKMBFVKS,SUOYXCHP,0
OKMBFVKS,UIFPPCLR,141070
OKMBFVKS,VBYCLTYZ,829150
OKMBFVKS,VWMBASNE,154637
OKMBFVKS,WBLJNPZQ,89832
OKMBFVKS,XUOIQPFL,2637108
OKMBFVKS,ZGJXVMNI,2463073
OKMBFVKS,ZKENOUDA,406552
OKMBFVKS,ZXERAXWP,1906
OXKURKXR,APQGTRMF,478127
OXKURKXR,ATLDMDBO,36723796
OXKURKXR,AXULOHBQ,40760
OXKURKXR,BEZYMBBT,3257974
OXKURKXR,DBWLZWNK,167175
OXKURKXR,DEWLVASR,315407
OXKURKXR,DNMPSKTB,6287300
OXKURKXR,ELQGMQWE,620766
OXKURKXR,EVBVXETX,6804071
OXKURKXR,FDXPMYGF,0
OXKURKXR,FITUEHWN,92966
OXKURKXR,FQCLOEXA,2254920
OXKURKXR,FTSVTTSR,135794
OXKURKXR,GYHKIVQT,46450615
OXKURKXR,HXYSSRXE,22087454
OXKURKXR,JPBRUTWP,4304734
OXKURKXR,JSLXRQOK,2546
OXKURKXR,KEUWZRKO,267520
OXKURKXR,LLHREMKS,23807
OXKURKXR,QRKRBYJL,2657071
OXKURKXR,QVLMOEYE,837628
OXKURKXR,RAWUKQMJ,3935000
OXKURKXR,RCBZUSIM,43603
OXKURKXR,RJGPVEXX,548965
OXKURKXR,SAHWCZNH,1642218
OXKURKXR,SDWAYPIK,4467351
OXKURKXR,SNHYOVBM,42358
OXKURKXR,SUOYXCHP,710
OXKURKXR,UGEQLMXM,160639
OXKURKXR,WBLJNPZQ,89008
OXKURKXR,WPQXWHYO,25661506
OXKURKXR,ZGJXVMNI,2462897
OXKURKXR,ZKENOUDA,397455
QJQJSWFU,AHMDUILJ,293171
QJQJSWFU,APQGTRMF,522992
QJQJSWFU,ATLDMDBO,36732351
QJQJSWFU,BEZYMBBT,3208441
QJQJSWFU,DEWLVASR,343188
QJQJSWFU,HCDTGMST,602894
QJQJSWFU,OJIFIHMZ,4600215
QJQJSWFU,OKMBFVKS,2250690
QJQJSWFU,OXKURKXR,115283
QJQJSWFU,RAWUKQMJ,3935083
QJQJSWFU,SDWAYPIK,4467925
QJQJSWFU,VWMBASNE,150983
QJQJSWFU,XIPPENFQ,91318
QJQJSWFU,XUOIQPFL,2618692
QKXNTIIB,ATLDMDBO,36723016
QKXNTIIB,CCLHWFWF,38360860
QKXNTIIB,DBWLZWNK,169128
QKXNTIIB,ELQGMQWE,583883
QKXNTIIB,FTSVTTSR,136416
QKXNTIIB,JSLXRQOK,0
QKXNTIIB,LLHREMKS,22590
QKXNTIIB,SNHYOVBM,43300
QKXNTIIB,ZXERAXWP,4048
QRKRBYJL,APQGTRMF,158984
QRKRBYJL,ATLDMDBO,36637368
QRKRBYJL,AXULOHBQ,52957
QRKRBYJL,BEZYMBBT,3209670
QRKRBYJL,BJALXPFS,255274
QRKRBYJL,BSRMSVTC,301236
QRKRBYJL,BTMOEMEP,1362585
QRKRBYJL,DEWLVASR,340331
QRKRBYJL,DNMPSKTB,6286448
QRKRBYJL,ELQGMQWE,577927
QRKRBYJL,EVBVXETX,6792960
QRKRBYJL,FDXPMYGF,0
QRKRBYJL,FQCLOEXA,2244630
QRKRBYJL,FRHNWLNI,316139
QRKRBYJL,GYHKIVQT,46411665
QRKRBYJL,HXYSSRXE,22087528
QRKRBYJL,JPBRUTWP,4305302
QRKRBYJL,KEUWZRKO,267100
QRKRBYJL,KJNSOAHR,22350557
QRKRBYJL,LPHPPJUG,1845443
QRKRBYJL,LRVGFDFM,303175
QRKRBYJL,LUENUFGA,3111589
QRKRBYJL,NZKBIBNU,227533
QRKRBYJL,OKMBFVKS,2213491
QRKRBYJL,OXKURKXR,115363
QRKRBYJL,QVLMOEYE,832238
QRKRBYJL,RAWUKQMJ,3936222
QRKRBYJL,RCBZUSIM,29929
QRKRBYJL,RJGPVEXX,545511
QRKRBYJL,SAHWCZNH,1670768
QRKRBYJL,SDWAYPIK,4468242
QRKRBYJL,UGEQLMXM,149257
QRKRBYJL,UIFPPCLR,138393
QRKRBYJL,UXSPKBJR,263456
QRKRBYJL,VBYCLTYZ,830721
QRKRBYJL,VMAQSTJE,28379
QRKRBYJL,WBLJNPZQ,90649
QRKRBYJL,WPQXWHYO,25769033
QRKRBYJL,XIFHSOWQ,16050
QRKRBYJL,XUOIQPFL,2617874
QRKRBYJL,ZGJXVMNI,2458825
QRKRBYJL,ZKENOUDA,396412
QVLMOEYE,APQGTRMF,427823
QVLMOEYE,ATLDMDBO,36721819
QVLMOEYE,AXULOHBQ,38708
QVLMOEYE,BEZYMBBT,3179805
QVLMOEYE,BJALXPFS,254971
QVLMOEYE,BSRMSVTC,301523
QVLMOEYE,BTMOEMEP,1360754
QVLMOEYE,CCLHWFWF,38369149
QVLMOEYE,DEWLVASR,339810
QVLMOEYE,DNMPSKTB,6286558
QVLMOEYE,ELQGMQWE,587942
QVLMOEYE,EVBVXETX,6803881
QVLMOEYE,FDXPMYGF,1184
QVLMOEYE,FQCLOEXA,2254919
QVLMOEYE,FRHNWLNI,310686
QVLMOEYE,GYHKIVQT,46523721
QVLMOEYE,HCDTGMST,609255
QVLMOEYE,HXYSSRXE,22088192
QVLMOEYE,JPBRUTWP,4304670
QVLMOEYE,KEUWZRKO,263579
QVLMOEYE,LPHPPJUG,1846360
QVLMOEYE,LRVGFDFM,301392
QVLMOEYE,LSOIUSXD,119334
QVLMOEYE,LUENUFGA,3123411
QVLMOEYE,NZKBIBNU,228240
QVLMOEYE,OKMBFVKS,2220555
QVLMOEYE,QRKRBYJL,2688998
QVLMOEYE,RAWUKQMJ,3935614
QVLMOEYE,RCBZUSIM,30317
QVLMOEYE,RJGPVEXX,547870
QVLMOEYE,SAHWCZNH,1678412
QVLMOEYE,SDWAYPIK,4467310
QVLMOEYE,UGEQLMXM,152663
QVLMOEYE,VBYCLTYZ,828595
QVLMOEYE,VMAQSTJE,26504
QVLMOEYE,VWMBASNE,151633
QVLMOEYE,WBLJNPZQ,89935
QVLMOEYE,WPQXWHYO,25779210
QVLMOEYE,WQMVCOEM,20920
QVLMOEYE,XIFHSOWQ,15647
QVLMOEYE,XUOIQPFL,2615206
QVLMOEYE,ZGJXVMNI,2460235
QVLMOEYE,ZKENOUDA,395123
RAWUKQMJ,AXULOHBQ,38979
RAWUKQMJ,BSRMSVTC,301072
RAWUKQMJ,DNMPSKTB,6290147
RAWUKQMJ,EVBVXETX,6804117
RAWUKQMJ,FDXPMYGF,1299
RAWUKQMJ,FQCLOEXA,2253640
RAWUKQMJ,GYHKIVQT,46584562
RAWUKQMJ,HXYSSRXE,22090136
RAWUKQMJ,JBVHSUWY,416125
RAWUKQMJ,KEUWZRKO,265488
RAWUKQMJ,LUENUFGA,3123485
RAWUKQMJ,NZKBIBNU,226747
RAWUKQMJ,QJQJSWFU,137973
RAWUKQMJ,QRKRBYJL,2684119
RAWUKQMJ,RJGPVEXX,560559
RAWUKQMJ,SAHWCZNH,1677771
RAWUKQMJ,SDWAYPIK,4467876
RAWUKQMJ,UGEQLMXM,152685
RAWUKQMJ,UXSPKBJR,277235
RAWUKQMJ,VMAQSTJE,27672
RAWUKQMJ,WHPUAOID,22738
RAWUKQMJ,WPQXWHYO,25780779
RAWUKQMJ,XIFHSOWQ,12844
RAWUKQMJ,ZGJXVMNI,2459247
RAWUKQMJ,ZKENOUDA,395661
RAWUKQMJ,ZXERAXWP,3783
RCBZUSIM,APQGTRMF,197939
RCBZUSIM,ATLDMDBO,36854798
RCBZUSIM,AXULOHBQ,42823
RCBZUSIM,BEZYMBBT,3205159
RCBZUSIM,BJALXPFS,236968
RCBZUSIM,BSRMSVTC,302052
RCBZUSIM,BTMOEMEP,1422965
RCBZUSIM,BUZIIBYG,11567496
RCBZUSIM,DDEXPPXU,8873
RCBZUSIM,DEWLVASR,341854
RCBZUSIM,DNMPSKTB,6287602
RCBZUSIM,EVBVXETX,6801870
RCBZUSIM,FDXPMYGF,1353
RCBZUSIM,FQCLOEXA,2251998
RCBZUSIM,GYHKIVQT,46430284
RCBZUSIM,HXYSSRXE,22087874
RCBZUSIM,JPBRUTWP,4304269
RCBZUSIM,KEUWZRKO,265766
RCBZUSIM,KJNSOAHR,22359816
RCBZUSIM,LPHPPJUG,1846645
RCBZUSIM,LUENUFGA,3131543
RCBZUSIM,NZKBIBNU,226565
RCBZUSIM,OKMBFVKS,2261030
RCBZUSIM,OXKURKXR,113981
RCBZUSIM,QJQJSWFU,141658
RCBZUSIM,QRKRBYJL,2674385
RCBZUSIM,QVLMOEYE,838119
RCBZUSIM,RJGPVEXX,518359
RCBZUSIM,SAHWCZNH,1642608
RCBZUSIM,SDWAYPIK,4474745
RCBZUSIM,UGEQLMXM,159457
RCBZUSIM,UIFPPCLR,137221
RCBZUSIM,VMAQSTJE,27281
RCBZUSIM,WBLJNPZQ,88865
RCBZUSIM,WPQXWHYO,25705014
RCBZUSIM,XIFHSOWQ,23424
RCBZUSIM,XUOIQPFL,2580628
RCBZUSIM,YSYHGLQK,30561
RCBZUSIM,ZGJXVMNI,2458316
RCBZUSIM,ZKENOUDA,395893
RJGPVEXX,APQGTRMF,539818
RJGPVEXX,DEWLVASR,343850
RJGPVEXX,EVBVXETX,6802534
RJGPVEXX,FCYBOAXC,114648945
RJGPVEXX,FITUEHWN,95507
RJGPVEXX,GYHKIVQT,46593992
RJGPVEXX,JBVHSUWY,415166
RJGPVEXX,KEUWZRKO,251578
RJGPVEXX,KJNSOAHR,22260414
RJGPVEXX,LUENUFGA,3122766
RJGPVEXX,OKMBFVKS,2229071
RJGPVEXX,RAWUKQMJ,3935207
RJGPVEXX,SAHWCZNH,1667238
RJGPVEXX,SDWAYPIK,4467422
RJGPVEXX,UIFPPCLR,156391
RJGPVEXX,UQYUIVVR,2896488
RJGPVEXX,VBYCLTYZ,811581
RJGPVEXX,VUAFAIYJ,300251
RJGPVEXX,VWMBASNE,166023
RJGPVEXX,WPQXWHYO,25779049
RJGPVEXX,XIFHSOWQ,27756
RJGPVEXX,XIPPENFQ,93907
RJGPVEXX,XUOIQPFL,2621242
RJGPVEXX,ZCELVYQU,115663
RJGPVEXX,ZKENOUDA,386694
ROACSLMG,APQGTRMF,536008
ROACSLMG,ATLDMDBO,36721593
ROACSLMG,BEZYMBBT,3223785
ROACSLMG,BJALXPFS,253927
ROACSLMG,BSRMSVTC,300726
ROACSLMG,BTMOEMEP,1370848
ROACSLMG,DNMPSKTB,6287052
ROACSLMG,FDXPMYGF,720
ROACSLMG,FITUEHWN,95027
ROACSLMG,FQCLOEXA,2260117
ROACSLMG,HXYSSRXE,22087741
ROACSLMG,IGDVVKUD,15101
ROACSLMG,JPBRUTWP,4305275
ROACSLMG,KEUWZRKO,265596
ROACSLMG,LPHPPJUG,1845851
ROACSLMG,QRKRBYJL,2689338
ROACSLMG,SNHYOVBM,43083
ROACSLMG,VBYCLTYZ,831533
ROACSLMG,XMKRPGLB,473675
ROACSLMG,XUOIQPFL,2615397
SAAYMURU,BJALXPFS,255425
SAAYMURU,GYHKIVQT,46587545
SAAYMURU,HCDTGMST,608596
SAAYMURU,MBSBZBXA,4628032
SAAYMURU,QJQJSWFU,139683
SAAYMURU,QKXNTIIB,1968624
SAAYMURU,STZDBITS,23752337
SAAYMURU,UIFPPCLR,140565
SAAYMURU,UQYUIVVR,2935957
SAAYMURU,VMAQSTJE,28133
SAAYMURU,VWMBASNE,153946
SAAYMURU,WHPUAOID,19335
SAAYMURU,XIFHSOWQ,20438
SAAYMURU,YSYHGLQK,22045
SAHWCZNH,ATLDMDBO,36735888
SAHWCZNH,AXULOHBQ,32557
SAHWCZNH,BJALXPFS,254488
SAHWCZNH,DDEXPPXU,10763
SAHWCZNH,DNMPSKTB,6286065
SAHWCZNH,EVBVXETX,6802449
SAHWCZNH,FRHNWLNI,300548
SAHWCZNH,HXYSSRXE,22087496
SAHWCZNH,JSLXRQOK,1075
SAHWCZNH,KEUWZRKO,266184
SAHWCZNH,KJNSOAHR,22365321
SAHWCZNH,LUENUFGA,3123222
SAHWCZNH,NZKBIBNU,232283
SAHWCZNH,QRKRBYJL,2731611
SAHWCZNH,RJGPVEXX,526018
SAHWCZNH,UGEQLMXM,151618
SAHWCZNH,UXSPKBJR,255245
SAHWCZNH,WPQXWHYO,25768395
SAHWCZNH,WQMVCOEM,14132
SAHWCZNH,XIFHSOWQ,17187
SAHWCZNH,XIPPENFQ,94724
SAHWCZNH,ZCELVYQU,119198
SAHWCZNH,ZGJXVMNI,2458582
SDWAYPIK,APQGTRMF,520864
SDWAYPIK,ATLDMDBO,36734029
SDWAYPIK,AXULOHBQ,48996
SDWAYPIK,BEZYMBBT,3266254
SDWAYPIK,BSRMSVTC,301496
SDWAYPIK,BTMOEMEP,1359944
SDWAYPIK,DBWLZWNK,163436
SDWAYPIK,DEWLVASR,340101
SDWAYPIK,DNMPSKTB,6286920
SDWAYPIK,DUCMGGNW,575470
SDWAYPIK,ELQGMQWE,606574
SDWAYPIK,EVBVXETX,6804215
SDWAYPIK,FQCLOEXA,2253742
SDWAYPIK,GYHKIVQT,46463915
SDWAYPIK,HXYSSRXE,22087609
SDWAYPIK,IGDVVKUD,10306
SDWAYPIK,JPBRUTWP,4305690
SDWAYPIK,KEUWZRKO,265301
SDWAYPIK,KJNSOAHR,22370025
SDWAYPIK,LPHPPJUG,1846258
SDWAYPIK,LRVGFDFM,319534
SDWAYPIK,LSOIUSXD,106918
SDWAYPIK,LUENUFGA,3128355
SDWAYPIK,NZKBIBNU,226770
SDWAYPIK,OKMBFVKS,2208372
SDWAYPIK,OXKURKXR,115368
SDWAYPIK,QJQJSWFU,140104
SDWAYPIK,QRKRBYJL,2692480
SDWAYPIK,QVLMOEYE,832995
SDWAYPIK,RAWUKQMJ,3936794
SDWAYPIK,RCBZUSIM,41571
SDWAYPIK,RJGPVEXX,560543
SDWAYPIK,SAHWCZNH,1681778
SDWAYPIK,UGEQLMXM,139153
SDWAYPIK,UIFPPCLR,138441
SDWAYPIK,UXSPKBJR,266245
SDWAYPIK,VBYCLTYZ,830351
SDWAYPIK,VMAQSTJE,26092
SDWAYPIK,VWMBASNE,153671
SDWAYPIK,WBLJNPZQ,92518
SDWAYPIK,WPQXWHYO,25779560
SDWAYPIK,WQMVCOEM,16733
SDWAYPIK,XIFHSOWQ,15632
SDWAYPIK,XUOIQPFL,2610882
SDWAYPIK,ZGJXVMNI,2460280
SDWAYPIK,ZKENOUDA,411456
SNHYOVBM,AHMDUILJ,290797
SNHYOVBM,BSRMSVTC,299890
SNHYOVBM,DBWLZWNK,165089
SNHYOVBM,DUCMGGNW,709504
SNHYOVBM,FITUEHWN,93887
SNHYOVBM,HCDTGMST,609742
SNHYOVBM,JPBRUTWP,4305350
SNHYOVBM,LSOIUSXD,113295
SNHYOVBM,RAWUKQMJ,3938620
SNHYOVBM,ROACSLMG,3767797
SNHYOVBM,STZDBITS,23782467
SNHYOVBM,VMAQSTJE,26417
STZDBITS,AHMDUILJ,295649
STZDBITS,LTOYKIML,426183
STZDBITS,OXKURKXR,118930
STZDBITS,ROACSLMG,3769887
STZDBITS,UXSPKBJR,258620
STZDBITS,YSYHGLQK,25782
STZDBITS,ZXERAXWP,4611
SUOYXCHP,AHMDUILJ,293034
SUOYXCHP,FCYBOAXC,114650765
SUOYXCHP,FITUEHWN,58728
SUOYXCHP,HCDTGMST,609487
SUOYXCHP,JPBRUTWP,4306071
SUOYXCHP,JSLXRQOK,0
SUOYXCHP,KEUWZRKO,271446
SUOYXCHP,MBSBZBXA,4640119
SUOYXCHP,QJQJSWFU,137164
SUOYXCHP,RJGPVEXX,512039
SUOYXCHP,SAHWCZNH,1643824
SUOYXCHP,STZDBITS,23915513
SUOYXCHP,WPQXWHYO,25036853
SUOYXCHP,XIPPENFQ,124813
UGEQLMXM,AHMDUILJ,291054
UGEQLMXM,APQGTRMF,511287
UGEQLMXM,ATLDMDBO,36739209
UGEQLMXM,AXULOHBQ,42661
UGEQLMXM,BJALXPFS,259549
UGEQLMXM,BSRMSVTC,300960
UGEQLMXM,BTMOEMEP,1369961
UGEQLMXM,CCLHWFWF,38021899
UGEQLMXM,DBWLZWNK,164190
UGEQLMXM,DEWLVASR,313791
UGEQLMXM,DNMPSKTB,6289086
UGEQLMXM,DUCMGGNW,574797
UGEQLMXM,ELQGMQWE,582783
UGEQLMXM,EVBVXETX,6803530
UGEQLMXM,FCYBOAXC,114646886
UGEQLMXM,FDXPMYGF,1496
UGEQLMXM,FQCLOEXA,2254474
UGEQLMXM,GYHKIVQT,46598259
UGEQLMXM,HCDTGMST,609882
UGEQLMXM,HXYSSRXE,22087746
UGEQLMXM,IGDVVKUD,13049
UGEQLMXM,JPBRUTWP,4305203
UGEQLMXM,KEUWZRKO,265594
UGEQLMXM,KJNSOAHR,22439774
UGEQLMXM,LPHPPJUG,1843963
UGEQLMXM,LRVGFDFM,316512
UGEQLMXM,LSOIUSXD,120563
UGEQLMXM,OKMBFVKS,2228097
UGEQLMXM,OXKURKXR,114215
UGEQLMXM,QJQJSWFU,138532
UGEQLMXM,QRKRBYJL,2696718
UGEQLMXM,QVLMOEYE,832915
UGEQLMXM,RAWUKQMJ,3935112
UGEQLMXM,RCBZUSIM,41622
UGEQLMXM,ROACSLMG,3792271
UGEQLMXM,SDWAYPIK,4469088
UGEQLMXM,SUOYXCHP,779
UGEQLMXM,UQYUIVVR,2905253
UGEQLMXM,UXSPKBJR,251990
UGEQLMXM,VBYCLTYZ,829037
UGEQLMXM,VMAQSTJE,28619
UGEQLMXM,VWMBASNE,154689
UGEQLMXM,WBLJNPZQ,89803
UGEQLMXM,WHPUAOID,16961
UGEQLMXM,WQMVCOEM,18233
UGEQLMXM,XUOIQPFL,2623184
UGEQLMXM,ZGJXVMNI,2460179
UGEQLMXM,ZKENOUDA,398554
UIFPPCLR,APQGTRMF,523228
UIFPPCLR,BEZYMBBT,3205652
UIFPPCLR,BSRMSVTC,299436
UIFPPCLR,DBWLZWNK,166807
UIFPPCLR,DEWLVASR,341704
UIFPPCLR,ELQGMQWE,607433
UIFPPCLR,FDXPMYGF,1328
UIFPPCLR,FQCLOEXA,2253799
UIFPPCLR,GKQIJYDH,2954769
UIFPPCLR,GYHKIVQT,46425955
UIFPPCLR,HXYSSRXE,22086150
UIFPPCLR,KJNSOAHR,22218372
UIFPPCLR,LPHPPJUG,1846406
UIFPPCLR,LRVGFDFM,309330
UIFPPCLR,OKMBFVKS,2214445
UIFPPCLR,QRKRBYJL,2693040
UIFPPCLR,QVLMOEYE,903438
UIFPPCLR,RAWUKQMJ,3935452
UIFPPCLR,SDWAYPIK,4467833
UIFPPCLR,UXSPKBJR,253024
UIFPPCLR,VBYCLTYZ,828545
UIFPPCLR,WQMVCOEM,23231
UIFPPCLR,XUOIQPFL,2642610
UIFPPCLR,ZKENOUDA,430938
UQYUIVVR,DBWLZWNK,170040
UQYUIVVR,FCYBOAXC,114648520
UQYUIVVR,HCDTGMST,611190
UQYUIVVR,QKXNTIIB,1968590
UQYUIVVR,UIFPPCLR,146535
UQYUIVVR,VBYCLTYZ,827949
UQYUIVVR,VMAQSTJE,27716
UQYUIVVR,VUAFAIYJ,282191
UQYUIVVR,VWMBASNE,153615
UQYUIVVR,WHPUAOID,17075
UQYUIVVR,WQMVCOEM,19962
UQYUIVVR,XUOIQPFL,2612701
UQYUIVVR,ZCELVYQU,113296
UQYUIVVR,ZKENOUDA,385533
UXSPKBJR,APQGTRMF,427823
UXSPKBJR,ATLDMDBO,36790144
UXSPKBJR,AXULOHBQ,41434
UXSPKBJR,BSRMSVTC,300780
UXSPKBJR,BTMOEMEP,1362138
UXSPKBJR,DBWLZWNK,167496
UXSPKBJR,DNMPSKTB,6287052
UXSPKBJR,FDXPMYGF,997
UXSPKBJR,FQCLOEXA,2253825
UXSPKBJR,FRHNWLNI,307425
UXSPKBJR,GYHKIVQT,46578148
UXSPKBJR,HXYSSRXE,22086585
UXSPKBJR,IGDVVKUD,16139
UXSPKBJR,JPBRUTWP,4305214
UXSPKBJR,KEUWZRKO,278180
UXSPKBJR,LPHPPJUG,1847270
UXSPKBJR,LRVGFDFM,300441
UXSPKBJR,NZKBIBNU,230615
UXSPKBJR,OJIFIHMZ,4612477
UXSPKBJR,QRKRBYJL,2691483
UXSPKBJR,QVLMOEYE,834898
UXSPKBJR,RAWUKQMJ,3936615
UXSPKBJR,RCBZUSIM,40474
UXSPKBJR,RJGPVEXX,544882
UXSPKBJR,SAHWCZNH,1678363
UXSPKBJR,SDWAYPIK,4467115
UXSPKBJR,SUOYXCHP,0
UXSPKBJR,UGEQLMXM,152630
UXSPKBJR,VBYCLTYZ,828761
UXSPKBJR,VMAQSTJE,18968
UXSPKBJR,WQMVCOEM,21015
UXSPKBJR,XIPPENFQ,91398
UXSPKBJR,ZGJXVMNI,2461199
VBYCLTYZ,APQGTRMF,425144
VBYCLTYZ,ATLDMDBO,36717766
VBYCLTYZ,AXULOHBQ,38670
VBYCLTYZ,BEZYMBBT,3254445
VBYCLTYZ,BJALXPFS,255030
VBYCLTYZ,BSRMSVTC,301046
VBYCLTYZ,BTMOEMEP,1212556
VBYCLTYZ,DEWLVASR,309774
VBYCLTYZ,DNMPSKTB,6285801
VBYCLTYZ,ELQGMQWE,582715
VBYCLTYZ,EVBVXETX,6803865
VBYCLTYZ,FDXPMYGF,1978
VBYCLTYZ,FQCLOEXA,2255471
VBYCLTYZ,FRHNWLNI,308906
VBYCLTYZ,GYHKIVQT,46436320
VBYCLTYZ,HXYSSRXE,22087524
VBYCLTYZ,IGDVVKUD,15115
VBYCLTYZ,JBVHSUWY,418402
VBYCLTYZ,JPBRUTWP,4304545
VBYCLTYZ,KEUWZRKO,263193
VBYCLTYZ,LPHPPJUG,1848279
VBYCLTYZ,LSOIUSXD,114250
VBYCLTYZ,LUENUFGA,3122820
VBYCLTYZ,NZKBIBNU,227318
VBYCLTYZ,OKMBFVKS,2213180
VBYCLTYZ,OXKURKXR,111385
VBYCLTYZ,QRKRBYJL,2693343
VBYCLTYZ,QVLMOEYE,834680
VBYCLTYZ,RAWUKQMJ,3940370
VBYCLTYZ,RCBZUSIM,41489
VBYCLTYZ,RJGPVEXX,548746
VBYCLTYZ,SAHWCZNH,1682813
VBYCLTYZ,SDWAYPIK,4467995
VBYCLTYZ,SUOYXCHP,0
VBYCLTYZ,UGEQLMXM,152890
VBYCLTYZ,UXSPKBJR,251857
VBYCLTYZ,VMAQSTJE,26133
VBYCLTYZ,WBLJNPZQ,89625
VBYCLTYZ,WPQXWHYO,25781551
VBYCLTYZ,WQMVCOEM,22204
VBYCLTYZ,XIFHSOWQ,16393
VBYCLTYZ,XUOIQPFL,2627145
VBYCLTYZ,ZGJXVMNI,2461549
VBYCLTYZ,ZKENOUDA,397877
VMAQSTJE,BEZYMBBT,3207803
VMAQSTJE,EVBVXETX,6804822
VMAQSTJE,JPBRUTWP,4305660
VMAQSTJE,KEUWZRKO,266912
VMAQSTJE,LUENUFGA,3118592
VMAQSTJE,OJIFIHMZ,4604112
VMAQSTJE,OXKURKXR,115491
VMAQSTJE,QKXNTIIB,1980832
VMAQSTJE,RAWUKQMJ,3935384
VMAQSTJE,RCBZUSIM,31389
VMAQSTJE,SNHYOVBM,42617
VMAQSTJE,STZDBITS,23759850
VMAQSTJE,UIFPPCLR,140271
VMAQSTJE,UQYUIVVR,2983393
VMAQSTJE,UXSPKBJR,255501
VMAQSTJE,VWMBASNE,154432
VMAQSTJE,WBLJNPZQ,92191
VMAQSTJE,WPQXWHYO,25599266
VMAQSTJE,XIFHSOWQ,21806
VMAQSTJE,XIPPENFQ,95123
VUAFAIYJ,APQGTRMF,533927
VUAFAIYJ,ATLDMDBO,36934557
VUAFAIYJ,CCLHWFWF,38458178
VUAFAIYJ,DUCMGGNW,684581
VUAFAIYJ,ELQGMQWE,585736
VUAFAIYJ,FCYBOAXC,114650088
VUAFAIYJ,HXYSSRXE,22087784
VUAFAIYJ,JERHKLYW,42928
VUAFAIYJ,JSLXRQOK,0
VUAFAIYJ,LLHREMKS,23978
VUAFAIYJ,LRVGFDFM,313306
VUAFAIYJ,LSOIUSXD,107655
VUAFAIYJ,QRKRBYJL,2728300
VUAFAIYJ,UGEQLMXM,160260
VUAFAIYJ,UIFPPCLR,141631
VUAFAIYJ,VWMBASNE,154937
VUAFAIYJ,WBLJNPZQ,98744
VUAFAIYJ,WHPUAOID,57101
VUAFAIYJ,XIPPENFQ,95237
VUAFAIYJ,XUOIQPFL,2622113
VUAFAIYJ,ZCELVYQU,114933
VUAFAIYJ,ZKENOUDA,381626
VUAFAIYJ,ZXERAXWP,4036
VWMBASNE,BTMOEMEP,1368218
VWMBASNE,CCLHWFWF,38123419
VWMBASNE,DBWLZWNK,167803
VWMBASNE,DEWLVASR,344108
VWMBASNE,DUCMGGNW,691588
VWMBASNE,FCYBOAXC,114650171
VWMBASNE,JBVHSUWY,420165
VWMBASNE,JERHKLYW,42910
VWMBASNE,JPBRUTWP,4305371
VWMBASNE,JSLXRQOK,0
VWMBASNE,LRVGFDFM,301906
VWMBASNE,LSOIUSXD,118457
VWMBASNE,LTOYKIML,436097
VWMBASNE,QRKRBYJL,2690713
VWMBASNE,VUAFAIYJ,305735
VWMBASNE,WBLJNPZQ,88259
VWMBASNE,WHPUAOID,19252
VWMBASNE,XIPPENFQ,96048
WBLJNPZQ,ATLDMDBO,36728948
WBLJNPZQ,AXULOHBQ,42310
WBLJNPZQ,BJALXPFS,255229
WBLJNPZQ,BSRMSVTC,299957
WBLJNPZQ,BTMOEMEP,1365341
WBLJNPZQ,CCLHWFWF,38119680
WBLJNPZQ,DBWLZWNK,170739
WBLJNPZQ,DEWLVASR,341886
WBLJNPZQ,DNMPSKTB,6286907
WBLJNPZQ,DUCMGGNW,573642
WBLJNPZQ,ELQGMQWE,620836
WBLJNPZQ,FCYBOAXC,114649285
WBLJNPZQ,FQCLOEXA,2196910
WBLJNPZQ,GYHKIVQT,46599589
WBLJNPZQ,HXYSSRXE,22087178
WBLJNPZQ,JBVHSUWY,416702
WBLJNPZQ,JPBRUTWP,4305507
WBLJNPZQ,KEUWZRKO,265305
WBLJNPZQ,KJNSOAHR,22373739
WBLJNPZQ,LPHPPJUG,1847154
WBLJNPZQ,LRVGFDFM,304640
WBLJNPZQ,LSOIUSXD,118426
WBLJNPZQ,LTOYKIML,435261
WBLJNPZQ,MBSBZBXA,4622214
WBLJNPZQ,OKMBFVKS,2250880
WBLJNPZQ,OXKURKXR,115397
WBLJNPZQ,QRKRBYJL,2704144
WBLJNPZQ,QVLMOEYE,900879
WBLJNPZQ,RAWUKQMJ,3936048
WBLJNPZQ,RJGPVEXX,550251
WBLJNPZQ,SDWAYPIK,4467417
WBLJNPZQ,SNHYOVBM,73039
WBLJNPZQ,UGEQLMXM,152922
WBLJNPZQ,UIFPPCLR,133933
WBLJNPZQ,VUAFAIYJ,288859
WBLJNPZQ,VWMBASNE,151356
WBLJNPZQ,XIFHSOWQ,14749
WBLJNPZQ,XIPPENFQ,94760
WBLJNPZQ,XUOIQPFL,2625173
WBLJNPZQ,ZGJXVMNI,2458229
WBLJNPZQ,ZKENOUDA,417684
WBLJNPZQ,ZXERAXWP,3391
WHPUAOID,DUCMGGNW,574683
WHPUAOID,ELQGMQWE,584920
WHPUAOID,FDXPMYGF,792
WHPUAOID,FRHNWLNI,305206
WHPUAOID,HXYSSRXE,22089723
WHPUAOID,JERHKLYW,11030
WHPUAOID,LLHREMKS,26136
WHPUAOID,LRVGFDFM,316057
WHPUAOID,OJIFIHMZ,4594537
WHPUAOID,XIPPENFQ,95343
WHPUAOID,XMKRPGLB,483523
WPQXWHYO,APQGTRMF,540689
WPQXWHYO,EVBVXETX,6801591
WPQXWHYO,FITUEHWN,88808
WPQXWHYO,KJNSOAHR,22345796
WPQXWHYO,LUENUFGA,3122469
WPQXWHYO,NZKBIBNU,230102
WPQXWHYO,RJGPVEXX,529401
WPQXWHYO,SAHWCZNH,1668671
WPQXWHYO,UXSPKBJR,277849
WPQXWHYO,VMAQSTJE,38226
WPQXWHYO,XIFHSOWQ,23209
WPQXWHYO,XIPPENFQ,93359
WPQXWHYO,ZCELVYQU,113270
WPQXWHYO,ZGJXVMNI,2485171
WPQXWHYO,ZKENOUDA,385269
WQMVCOEM,AXULOHBQ,39117
WQMVCOEM,BJALXPFS,254938
WQMVCOEM,DNMPSKTB,6287264
WQMVCOEM,FDXPMYGF,0
WQMVCOEM,HXYSSRXE,22087214
WQMVCOEM,JPBRUTWP,4304519
WQMVCOEM,KEUWZRKO,264031
WQMVCOEM,QJQJSWFU,136830
WQMVCOEM,RJGPVEXX,541344
WQMVCOEM,SAHWCZNH,1678058
WQMVCOEM,SUOYXCHP,0
WQMVCOEM,UXSPKBJR,253953
WQMVCOEM,VMAQSTJE,10293
WQMVCOEM,XIFHSOWQ,21429
WQMVCOEM,ZGJXVMNI,2455361
XIFHSOWQ,APQGTRMF,520521
XIFHSOWQ,AXULOHBQ,31614
XIFHSOWQ,DBWLZWNK,166549
XIFHSOWQ,DDEXPPXU,11037
XIFHSOWQ,EVBVXETX,6803797
XIFHSOWQ,FCYBOAXC,114625735
XIFHSOWQ,FRHNWLNI,312498
XIFHSOWQ,LUENUFGA,3120183
XIFHSOWQ,NZKBIBNU,231069
XIFHSOWQ,RJGPVEXX,423445
XIFHSOWQ,SAHWCZNH,1751004
XIFHSOWQ,UXSPKBJR,277725
XIFHSOWQ,VWMBASNE,161760
XIFHSOWQ,WPQXWHYO,25704723
XIFHSOWQ,XIPPENFQ,101299
XIFHSOWQ,ZGJXVMNI,2460397
XIPPENFQ,DDEXPPXU,11307
XIPPENFQ,DEWLVASR,343498
XIPPENFQ,EVBVXETX,6798878
XIPPENFQ,FCYBOAXC,114617919
XIPPENFQ,FQCLOEXA,2271047
XIPPENFQ,GYHKIVQT,46577005
XIPPENFQ,JSLXRQOK,0
XIPPENFQ,LTOYKIML,434996
XIPPENFQ,NZKBIBNU,229061
XIPPENFQ,QRKRBYJL,2687951
XIPPENFQ,RJGPVEXX,511155
XIPPENFQ,VUAFAIYJ,277504
XIPPENFQ,WHPUAOID,18589
XIPPENFQ,ZGJXVMNI,2467917
XIPPENFQ,ZKENOUDA,389473
XMKRPGLB,BSRMSVTC,299050
XMKRPGLB,DDEXPPXU,7610
XMKRPGLB,DUCMGGNW,576902
XMKRPGLB,LRVGFDFM,280562
XMKRPGLB,LTOYKIML,436190
XMKRPGLB,OJIFIHMZ,4600426
XMKRPGLB,SNHYOVBM,43173
XUOIQPFL,APQGTRMF,527075
XUOIQPFL,ATLDMDBO,36721992
XUOIQPFL,AXULOHBQ,42876
XUOIQPFL,BEZYMBBT,3112704
XUOIQPFL,BJALXPFS,257732
XUOIQPFL,BSRMSVTC,299552
XUOIQPFL,BTMOEMEP,1350211
XUOIQPFL,CCLHWFWF,38424628
XUOIQPFL,DBWLZWNK,169025
XUOIQPFL,DEWLVASR,341428
XUOIQPFL,DNMPSKTB,6285925
XUOIQPFL,DUCMGGNW,575114
XUOIQPFL,EVBVXETX,6803362
XUOIQPFL,FCYBOAXC,114654546
XUOIQPFL,FDXPMYGF,1226
XUOIQPFL,FQCLOEXA,2251513
XUOIQPFL,GYHKIVQT,46440947
XUOIQPFL,HXYSSRXE,22086977
XUOIQPFL,IGDVVKUD,9662
XUOIQPFL,JPBRUTWP,4305090
XUOIQPFL,KJNSOAHR,22364995
XUOIQPFL,LPHPPJUG,1845746
XUOIQPFL,LRVGFDFM,313222
XUOIQPFL,LSOIUSXD,117706
XUOIQPFL,OKMBFVKS,2215262
XUOIQPFL,OXKURKXR,113171
XUOIQPFL,QRKRBYJL,2686258
XUOIQPFL,QVLMOEYE,833131
XUOIQPFL,RAWUKQMJ,3933454
XUOIQPFL,RCBZUSIM,40413
XUOIQPFL,RJGPVEXX,559684
XUOIQPFL,SDWAYPIK,4466787
XUOIQPFL,UGEQLMXM,160790
XUOIQPFL,UIFPPCLR,139173
XUOIQPFL,UXSPKBJR,265930
XUOIQPFL,VBYCLTYZ,828991
XUOIQPFL,VWMBASNE,152553
XUOIQPFL,WBLJNPZQ,87603
XUOIQPFL,WQMVCOEM,15906
XUOIQPFL,ZGJXVMNI,2462045
XUOIQPFL,ZKENOUDA,395413
XUOIQPFL,ZXERAXWP,1188
YSYHGLQK,BUZIIBYG,11490716
YSYHGLQK,ELQGMQWE,575379
YSYHGLQK,GYHKIVQT,46674008
YSYHGLQK,HCDTGMST,597075
YSYHGLQK,KAGJCHMR,2760
YSYHGLQK,LPHPPJUG,1845418
YSYHGLQK,MBSBZBXA,4642433
YSYHGLQK,NZKBIBNU,233363
YSYHGLQK,QRKRBYJL,2686406
YSYHGLQK,RAWUKQMJ,3935718
YSYHGLQK,RJGPVEXX,435978
YSYHGLQK,SNHYOVBM,34888
YSYHGLQK,UXSPKBJR,251951
YSYHGLQK,WPQXWHYO,25733500
YSYHGLQK,ZGJXVMNI,2449245
YSYHGLQK,ZKENOUDA,380389
YSYHGLQK,ZXERAXWP,0
ZCELVYQU,ATLDMDBO,36723568
ZCELVYQU,BJALXPFS,261226
ZCELVYQU,BSRMSVTC,316943
ZCELVYQU,CCLHWFWF,38211706
ZCELVYQU,DBWLZWNK,168682
ZCELVYQU,DEWLVASR,292160
ZCELVYQU,DNMPSKTB,6287561
ZCELVYQU,ELQGMQWE,573697
ZCELVYQU,EVBVXETX,6804625
ZCELVYQU,FCYBOAXC,114654227
ZCELVYQU,FDXPMYGF,76
ZCELVYQU,FQCLOEXA,2251359
ZCELVYQU,GYHKIVQT,46547094
ZCELVYQU,HXYSSRXE,22088211
ZCELVYQU,JPBRUTWP,4305538
ZCELVYQU,KEUWZRKO,268287
ZCELVYQU,LSOIUSXD,116710
ZCELVYQU,MBSBZBXA,4627987
ZCELVYQU,OKMBFVKS,2265068
ZCELVYQU,QRKRBYJL,2684872
ZCELVYQU,QVLMOEYE,839178
ZCELVYQU,RAWUKQMJ,3934589
ZCELVYQU,RJGPVEXX,473821
ZCELVYQU,SAHWCZNH,1664671
ZCELVYQU,SDWAYPIK,4475161
ZCELVYQU,UGEQLMXM,146488
ZCELVYQU,UIFPPCLR,142000
ZCELVYQU,VMAQSTJE,17346
ZCELVYQU,WBLJNPZQ,90836
ZCELVYQU,WPQXWHYO,25574839
ZCELVYQU,XIFHSOWQ,22828
ZCELVYQU,XUOIQPFL,2622129
ZCELVYQU,ZKENOUDA,394409
ZCELVYQU,ZXERAXWP,0
ZGJXVMNI,APQGTRMF,535760
ZGJXVMNI,ATLDMDBO,36732452
ZGJXVMNI,BEZYMBBT,3218088
ZGJXVMNI,DDEXPPXU,9302
ZGJXVMNI,DEWLVASR,339028
ZGJXVMNI,DNMPSKTB,6293500
ZGJXVMNI,ELQGMQWE,584113
ZGJXVMNI,EVBVXETX,6798535
ZGJXVMNI,FITUEHWN,95278
ZGJXVMNI,FQCLOEXA,2252689
ZGJXVMNI,FTSVTTSR,143042
ZGJXVMNI,GKQIJYDH,3011998
ZGJXVMNI,GYHKIVQT,46638695
ZGJXVMNI,JSLXRQOK,2194
ZGJXVMNI,KEUWZRKO,264201
ZGJXVMNI,KJNSOAHR,22394969
ZGJXVMNI,LLHREMKS,21014
ZGJXVMNI,LPHPPJUG,1846532
ZGJXVMNI,LUENUFGA,3127313
ZGJXVMNI,NZKBIBNU,232473
ZGJXVMNI,OKMBFVKS,2225307
ZGJXVMNI,QRKRBYJL,2684865
ZGJXVMNI,QVLMOEYE,874817
ZGJXVMNI,RAWUKQMJ,3935650
ZGJXVMNI,RJGPVEXX,523891
ZGJXVMNI,SAHWCZNH,1677497
ZGJXVMNI,SDWAYPIK,4467460
ZGJXVMNI,UGEQLMXM,152604
ZGJXVMNI,UIFPPCLR,138043
ZGJXVMNI,UQYUIVVR,2901208
ZGJXVMNI,VBYCLTYZ,831634
ZGJXVMNI,VUAFAIYJ,300643
ZGJXVMNI,WBLJNPZQ,101695
ZGJXVMNI,WPQXWHYO,25776050
ZGJXVMNI,XUOIQPFL,2619215
ZGJXVMNI,ZCELVYQU,114615
ZGJXVMNI,ZKENOUDA,381138
ZGJXVMNI,ZXERAXWP,0
ZKENOUDA,APQGTRMF,528834
ZKENOUDA,BEZYMBBT,3202629
ZKENOUDA,DBWLZWNK,169086
ZKENOUDA,DEWLVASR,343456
ZKENOUDA,DNMPSKTB,6285071
ZKENOUDA,ELQGMQWE,582734
ZKENOUDA,EVBVXETX,6798582
ZKENOUDA,FITUEHWN,94144
ZKENOUDA,FQCLOEXA,2257106
ZKENOUDA,FTSVTTSR,135854
ZKENOUDA,GKQIJYDH,2951531
ZKENOUDA,GYHKIVQT,46487038
ZKENOUDA,KJNSOAHR,22354006
ZKENOUDA,LLHREMKS,22565
ZKENOUDA,MBSBZBXA,4627838
ZKENOUDA,OKMBFVKS,2220228
ZKENOUDA,QVLMOEYE,881159
ZKENOUDA,RAWUKQMJ,3935271
ZKENOUDA,RJGPVEXX,522903
ZKENOUDA,SDWAYPIK,4469026
ZKENOUDA,UIFPPCLR,142798
ZKENOUDA,VMAQSTJE,19446
ZKENOUDA,VUAFAIYJ,288627
ZKENOUDA,WPQXWHYO,25778783
ZKENOUDA,XUOIQPFL,2619986
ZKENOUDA,ZCELVYQU,115207
ZKENOUDA,ZGJXVMNI,2462327
ZKENOUDA,ZXERAXWP,1453
ZXERAXWP,BEZYMBBT,3214042
ZXERAXWP,CCLHWFWF,38084287
ZXERAXWP,DBWLZWNK,167009
ZXERAXWP,DDEXPPXU,11844
ZXERAXWP,FDXPMYGF,0
ZXERAXWP,FITUEHWN,89647
ZXERAXWP,FTSVTTSR,134105
ZXERAXWP,GKQIJYDH,2952304
ZXERAXWP,LRVGFDFM,315231
ZXERAXWP,SAAYMURU,10843
ZXERAXWP,UIFPPCLR,134093
ZXERAXWP,WHPUAOID,16756
ZXERAXWP,XMKRPGLB,475387
